Time,0,1,2,3,4,5,6,7,8,9,10,11,12,13,14,15,16,17,18,19,20,21,22,23,24,25,26,27,28,29,30,31,32,33,34,35,36,37,38,39,40,41,42,43,44,45,46,47,48,49,50,51,52,53,54,55,56,57,58,59,60,61,62,63,64,65,66,67,68,69,70,71,72,73,74,75,76,77,78,79,80,81,82,83,84,85,86,87,88,89,90,91,92,93,94,95,96,97,98,99,100,101,102,103,104,105,106,107,108,109,110,111,112,113,114,115,116,117,118,119,120,121,122,123,124,125,126,127,128,129,130,131,132,133,134,135,136,137,138,139,140,141,142,143,144,145,146,147,148,149,150,151,152,153,154,155,156,157,158,159,160,161,162,163,164,165,166,167,168,169,170,171,172,173,174,175,176,177,178,179,180,181,182,183,184,185,186,187,188,189,190,191,192,193,194,195,196,197,198,199
0,0,0,0,0,0,0,0,0,0,0,0,0,0,0,0,0,0,0,0,0,0,0,0,0,0,0,0,0,0,0,0,0,0,0,0,0,0,0,0,0,0,0,0,0,0,0,0,0,0,0,-3.72008e-44,6.63968e-36,0,0,0,0,0,0,0,0,0,0,0,0,0,0,0,0,0,0,0,0,0,0,0,0,0,0,0,0,0,0,0,0,0,0,0,0,0,0,0,0,0,0,0,0,0,0,0,0,0,0,0,0,0,0,0,0,0,0,0,0,0,0,0,0,0,0,0,0,0,0,0,0,0,0,0,0,0,0,0,0,0,0,0,0,0,0,0,0,0,0,0,0,0,0,0,0,0,0,0,0,0,0,0,0,0,0,0,0,0,0,0,0,0,0,0,0,0,0,0,0,0,0,0,0,0,0,0,0,0,0,0,0,0,0,0,0,0,0,0,0,0,0,0,0,0,0,0,0
10,0,0,0,0,0,0,0,0,0,0,0,0,0,0,0,0,0,0,0,0,0,0,0,0,0,0,0,0,0,0,0,0,0,0,0,0,0,0,0,0,-3.72008e-44,3.72008e-44,-3.30181e-44,0,0,0,0,0,0,0,0,0.367879,1,0.367879,0.0183156,0.00012341,1.12535e-07,1.38879e-11,2.31952e-16,5.24289e-22,1.60381e-28,6.63968e-36,0,0,0,0,0,0,0,0,0,0,0,0,0,0,0,0,0,0,0,0,0,0,0,0,0,0,0,0,0,0,0,0,0,0,0,0,0,0,0,0,0,0,0,0,0,0,0,0,0,0,0,0,0,0,0,0,0,0,0,0,0,0,0,0,0,0,0,0,0,0,0,0,0,0,0,0,0,0,0,0,0,0,0,0,0,0,0,0,0,0,0,0,0,0,0,0,0,0,0,0,0,0,0,0,0,0,0,0,0,0,0,0,0,0,0,0,0,0,0,0,0,0,0,0,0,0,0,0,0,0,0,0,0,0,0,0,0,0
20,0,0,0,0,0,0,0,0,0,0,0,0,0,0,0,0,0,0,0,0,0,0,0,0,0,0,0,0,0,0,-3.72008e-44,3.72008e-44,-3.30181e-44,0,0,0,0,0,0,0,0,0,-1.27733e-17,1.49088e-17,-1.47648e-17,1.49035e-17,-1.47648e-17,1.49035e-17,-1.47648e-17,1.49035e-17,-1.47648e-17,1.49035e-17,-1.47648e-17,1.49035e-17,-1.47648e-17,1.49041e-17,2.17188e-16,1.3888e-11,1.12535e-07,0.00012341,0.0183156,0.367879,1,0.367879,0.0183156,0.00012341,1.12535e-07,1.38879e-11,2.31952e-16,5.24289e-22,1.60381e-28,6.63968e-36,0,0,0,0,0,0,0,0,0,0,0,0,0,0,0,0,0,0,0,0,0,0,0,0,0,0,0,0,0,0,0,0,0,0,0,0,0,0,0,0,0,0,0,0,0,0,0,0,0,0,0,0,0,0,0,0,0,0,0,0,0,0,0,0,0,0,0,0,0,0,0,0,0,0,0,0,0,0,0,0,0,0,0,0,0,0,0,0,0,0,0,0,0,0,0,0,0,0,0,0,0,0,0,0,0,0,0,0,0,0,0,0,0,0,0,0,0,0,0,0,0,0,0,0,0,0,0,0
30,0,0,0,0,0,0,0,0,0,0,0,0,0,0,0,0,0,0,0,0,-3.72008e-44,3.72008e-44,-3.30181e-44,0,0,0,0,0,0,0,0,0,-1.27733e-17,1.49088e-17,-1.47648e-17,1.49035e-17,-1.47648e-17,1.49035e-17,-1.47648e-17,1.49035e-17,-1.47648e-17,1.49035e-17,-1.47648e-17,1.49035e-17,-1.47648e-17,1.49035e-17,-1.47648e-17,1.49035e-17,-1.47648e-17,1.49035e-17,-1.47648e-17,1.49035e-17,-1.47648e-17,1.49035e-17,-1.47648e-17,1.49035e-17,-1.47648e-17,1.49035e-17,-1.47648e-17,1.49035e-17,-1.47648e-17,1.49035e-17,-1.47648e-17,1.49035e-17,-1.47648e-17,1.49041e-17,2.17188e-16,1.3888e-11,1.12535e-07,0.00012341,0.0183156,0.367879,1,0.367879,0.0183156,0.00012341,1.12535e-07,1.38879e-11,2.31952e-16,5.24289e-22,1.60381e-28,6.63968e-36,0,0,0,0,0,0,0,0,0,0,0,0,0,0,0,0,0,0,0,0,0,0,0,0,0,0,0,0,0,0,0,0,0,0,0,0,0,0,0,0,0,0,0,0,0,0,0,0,0,0,0,0,0,0,0,0,0,0,0,0,0,0,0,0,0,0,0,0,0,0,0,0,0,0,0,0,0,0,0,0,0,0,0,0,0,0,0,0,0,0,0,0,0,0,0,0,0,0,0,0,0,0,0,0,0,0,0,0,0,0,0,0,0,0,0,0,0,0
40,0,0,0,0,0,0,0,0,0,0,-3.72008e-44,3.72008e-44,-3.30181e-44,0,0,0,0,0,0,0,0,0,-1.27733e-17,1.49088e-17,-1.47648e-17,1.49035e-17,-1.47648e-17,1.49035e-17,-1.47648e-17,1.49035e-17,-1.47648e-17,1.49035e-17,-1.47648e-17,1.49035e-17,-1.47648e-17,1.49035e-17,-1.47648e-17,1.49035e-17,-1.47648e-17,1.49035e-17,-1.47648e-17,1.49035e-17,-1.47648e-17,1.49035e-17,-1.47648e-17,1.49035e-17,-1.47648e-17,1.49035e-17,-1.47648e-17,1.49035e-17,-1.47648e-17,1.49035e-17,-1.47648e-17,1.49035e-17,-1.47648e-17,1.49035e-17,-1.47648e-17,1.49035e-17,-1.47648e-17,1.49035e-17,-1.47648e-17,1.49035e-17,-1.47648e-17,1.49035e-17,-1.47648e-17,1.49035e-17,-1.47648e-17,1.49035e-17,-1.47648e-17,1.49035e-17,-1.47648e-17,1.49035e-17,-1.47648e-17,1.49035e-17,-1.47648e-17,1.49041e-17,2.17188e-16,1.3888e-11,1.12535e-07,0.00012341,0.0183156,0.367879,1,0.367879,0.0183156,0.00012341,1.12535e-07,1.38879e-11,2.31952e-16,5.24289e-22,1.60381e-28,6.63968e-36,0,0,0,0,0,0,0,0,0,0,0,0,0,0,0,0,0,0,0,0,0,0,0,0,0,0,0,0,0,0,0,0,0,0,0,0,0,0,0,0,0,0,0,0,0,0,0,0,0,0,0,0,0,0,0,0,0,0,0,0,0,0,0,0,0,0,0,0,0,0,0,0,0,0,0,0,0,0,0,0,0,0,0,0,0,0,0,0,0,0,0,0,0,0,0,0,0,0,0,0,0,0,0,0,0,0,0,0
50,-3.72008e-44,3.72008e-44,-3.30181e-44,0,0,0,0,0,0,0,0,0,-1.27733e-17,1.49088e-17,-1.47648e-17,1.49035e-17,-1.47648e-17,1.49035e-17,-1.47648e-17,1.49035e-17,-1.47648e-17,1.49035e-17,-1.47648e-17,1.49035e-17,-1.47648e-17,1.49035e-17,-1.47648e-17,1.49035e-17,-1.47648e-17,1.49035e-17,-1.47648e-17,1.49035e-17,-1.47648e-17,1.49035e-17,-1.47648e-17,1.49035e-17,-1.47648e-17,1.49035e-17,-1.47648e-17,1.49035e-17,-1.47648e-17,1.49035e-17,-1.47648e-17,1.49035e-17,-1.47648e-17,1.49035e-17,-1.47648e-17,1.49035e-17,-1.47648e-17,1.49035e-17,-1.47648e-17,1.49035e-17,-1.47648e-17,1.49035e-17,-1.47648e-17,1.49035e-17,-1.47648e-17,1.49035e-17,-1.47648e-17,1.49035e-17,-1.47648e-17,1.49035e-17,-1.47648e-17,1.49035e-17,-1.47648e-17,1.49035e-17,-1.47648e-17,1.49035e-17,-1.47648e-17,1.49035e-17,-1.47648e-17,1.49035e-17,-1.47648e-17,1.49035e-17,-1.47648e-17,1.49035e-17,-1.47648e-17,1.49035e-17,-1.47648e-17,1.49035e-17,-1.47648e-17,1.49035e-17,-1.47648e-17,1.49035e-17,-1.47648e-17,1.49041e-17,2.17188e-16,1.3888e-11,1.12535e-07,0.00012341,0.0183156,0.367879,1,0.367879,0.0183156,0.00012341,1.12535e-07,1.38879e-11,2.31952e-16,5.24289e-22,1.78201e-29,8.19713e-38,0,0,0,0,0,0,0,0,0,0,0,0,0,0,0,0,0,0,0,0,0,0,0,0,0,0,0,0,0,0,0,0,0,0,0,0,0,0,0,0,0,0,0,0,0,0,0,0,0,0,0,0,0,0,0,0,0,0,0,0,0,0,0,0,0,0,0,0,0,0,0,0,0,0,0,0,0,0,0,0,0,0,0,0,0,0,0,0,0,0,0,0,0,0,0,0,0,0
60,0,0,-1.27733e-17,1.49088e-17,-1.47648e-17,1.49035e-17,-1.47648e-17,1.49035e-17,-1.47648e-17,1.49035e-17,-1.47648e-17,1.49035e-17,-1.47648e-17,1.49035e-17,-1.47648e-17,1.49035e-17,-1.47648e-17,1.49035e-17,-1.47648e-17,1.49035e-17,-1.47648e-17,1.49035e-17,-1.47648e-17,1.49035e-17,-1.47648e-17,1.49035e-17,-1.47648e-17,1.49035e-17,-1.47648e-17,1.49035e-17,-1.47648e-17,1.49035e-17,-1.47648e-17,1.49035e-17,-1.47648e-17,1.49035e-17,-1.47648e-17,1.49035e-17,-1.47648e-17,1.49035e-17,-1.47648e-17,1.49035e-17,-1.47648e-17,1.49035e-17,-1.47648e-17,1.49035e-17,-1.47648e-17,1.49035e-17,-1.47648e-17,1.49035e-17,-1.47648e-17,1.49035e-17,-1.47648e-17,1.49035e-17,-1.47648e-17,1.49035e-17,-1.47648e-17,1.49035e-17,-1.47648e-17,1.49035e-17,-1.47648e-17,1.49035e-17,-1.47648e-17,1.49035e-17,-1.47648e-17,1.49035e-17,-1.47648e-17,1.49035e-17,-1.47648e-17,1.49035e-17,-1.47648e-17,1.49035e-17,-1.47648e-17,1.49035e-17,-1.47648e-17,1.49035e-17,-1.47648e-17,1.49035e-17,-1.47648e-17,1.49035e-17,-1.47648e-17,1.49035e-17,-1.47648e-17,1.49035e-17,-1.47648e-17,1.49035e-17,-1.47648e-17,1.49035e-17,-1.47648e-17,1.49035e-17,-1.47648e-17,1.49035e-17,-2.36999e-16,-1.23448e-11,-1.00029e-07,-0.000109675,-0.0162562,-0.323368,-0.813598,-0.0753453,0.248409,0.0805461,0.00444798,7.64266e-05,3.28834e-07,2.34478e-10,2.35644e-14,3.22702e-19,5.98731e-25,1.50365e-31,5.11076e-39,2.35091e-47,0,0,0,0,0,0,0,0,0,0,0,0,0,0,0,0,0,0,0,0,0,0,0,0,0,0,0,0,0,0,0,0,0,0,0,0,0,0,0,0,0,0,0,0,0,0,0,0,0,0,0,0,0,0,0,0,0,0,0,0,0,0,0,0,0,0,0,0,0,0,0,0,0,0,0,0,0,0,0,0,0,0,0,0,0,0,0,0
70,-1.47648e-17,1.49035e-17,-1.47648e-17,1.49035e-17,-1.47648e-17,1.49035e-17,-1.47648e-17,1.49035e-17,-1.47648e-17,1.49035e-17,-1.47648e-17,1.49035e-17,-1.47648e-17,1.49035e-17,-1.47648e-17,1.49035e-17,-1.47648e-17,1.49035e-17,-1.47648e-17,1.49035e-17,-1.47648e-17,1.49035e-17,-1.47648e-17,1.49035e-17,-1.47648e-17,1.49035e-17,-1.47648e-17,1.49035e-17,-1.47648e-17,1.49035e-17,-1.47648e-17,1.49035e-17,-1.47648e-17,1.49035e-17,-1.47648e-17,1.49035e-17,-1.47648e-17,1.49035e-17,-1.47648e-17,1.49035e-17,-1.47648e-17,1.49035e-17,-1.47648e-17,1.49035e-17,-1.47648e-17,1.49035e-17,-1.47648e-17,1.49035e-17,-1.47648e-17,1.49035e-17,-1.47648e-17,1.49035e-17,-1.47648e-17,1.49035e-17,-1.47648e-17,1.49035e-17,-1.47648e-17,1.49035e-17,-1.47648e-17,1.49035e-17,-1.47648e-17,1.49035e-17,-1.47648e-17,1.49035e-17,-1.47648e-17,1.49035e-17,-1.47648e-17,1.49035e-17,-1.47648e-17,1.49035e-17,-1.47648e-17,1.49035e-17,-1.47648e-17,1.49035e-17,-1.47648e-17,1.49035e-17,-1.47648e-17,1.49035e-17,-1.47648e-17,1.49035e-17,-1.47648e-17,1.49035e-17,-2.36999e-16,-1.23448e-11,-1.00029e-07,-0.000109675,-0.0162562,-0.323368,-0.813598,-0.0754687,0.230093,0.149659,0.0591352,-0.00701623,-0.042163,-0.0482032,-0.0336601,-0.0102611,0.0109286,0.0225856,0.0225621,-0.0592849,0.0300258,0.171764,0.100949,0.0263821,0.00391613,0.000365922,2.26333e-05,9.46698e-07,2.67621e-08,4.99448e-10,5.81992e-12,3.77318e-14,1.05141e-16,6.83298e-20,6.77303e-24,9.25774e-29,1.71721e-34,4.31246e-41,1.46575e-48,6.74236e-57,0,0,0,0,0,0,0,0,0,0,0,0,0,0,0,0,0,0,0,0,0,0,0,0,0,0,0,0,0,0,0,0,0,0,0,0,0,0,0,0,0,0,0,0,0,0,0,0,0,0,0,0,0,0,0,0,0,0,0,0,0,0,0,0,0,0,0,0,0,0,0,0,0,0,0,0,0,0
80,-1.47648e-17,1.49035e-17,-1.47648e-17,1.49035e-17,-1.47648e-17,1.49035e-17,-1.47648e-17,1.49035e-17,-1.47648e-17,1.49035e-17,-1.47648e-17,1.49035e-17,-1.47648e-17,1.49035e-17,-1.47648e-17,1.49035e-17,-1.47648e-17,1.49035e-17,-1.47648e-17,1.49035e-17,-1.47648e-17,1.49035e-17,-1.47648e-17,1.49035e-17,-1.47648e-17,1.49035e-17,-1.47648e-17,1.49035e-17,-1.47648e-17,1.49035e-17,-1.47648e-17,1.49035e-17,-1.47648e-17,1.49035e-17,-1.47648e-17,1.49035e-17,-1.47648e-17,1.49035e-17,-1.47648e-17,1.49035e-17,-1.47648e-17,1.49035e-17,-1.47648e-17,1.49035e-17,-1.47648e-17,1.49035e-17,-1.47648e-17,1.49035e-17,-1.47648e-17,1.49035e-17,-1.47648e-17,1.49035e-17,-1.47648e-17,1.49035e-17,-1.47648e-17,1.49035e-17,-1.47648e-17,1.49035e-17,-1.47648e-17,1.49035e-17,-1.47648e-17,1.49035e-17,-1.47648e-17,1.49035e-17,-1.47648e-17,1.49035e-17,-1.47648e-17,1.49035e-17,-1.47648e-17,1.49035e-17,-1.47648e-17,1.49035e-17,-2.36999e-16,-1.23448e-11,-1.00029e-07,-0.000109675,-0.0162562,-0.323368,-0.813598,-0.0754687,0.230093,0.149659,0.0591352,-0.00701623,-0.042163,-0.0482032,-0.0336601,-0.0102611,0.0109286,0.0225856,0.0225621,0.0134471,0.000665143,-0.0100385,-0.0147783,-0.0126651,-0.00565106,0.00267039,0.00871383,0.0103155,0.00740153,-0.0201872,0.0166512,0.0228359,-0.0825068,0.0347769,0.146689,0.111008,0.0444601,0.0114843,0.00208704,0.000280167,2.86352e-05,2.27202e-06,1.41642e-07,6.98303e-09,2.72679e-10,8.40688e-12,2.02918e-13,3.7775e-15,5.29509e-17,5.38208e-19,3.73146e-21,1.58569e-23,3.33104e-26,1.99079e-29,1.94673e-33,2.65588e-38,4.92512e-44,1.23681e-50,4.20374e-58,1.93369e-66,0,0,0,0,0,0,0,0,0,0,0,0,0,0,0,0,0,0,0,0,0,0,0,0,0,0,0,0,0,0,0,0,0,0,0,0,0,0,0,0,0,0,0,0,0,0,0,0,0,0,0,0,0,0,0,0,0,0,0,0,0,0,0,0,0,0,0,0
90,-1.47648e-17,1.49035e-17,-1.47648e-17,1.49035e-17,-1.47648e-17,1.49035e-17,-1.47648e-17,1.49035e-17,-1.47648e-17,1.49035e-17,-1.47648e-17,1.49035e-17,-1.47648e-17,1.49035e-17,-1.47648e-17,1.49035e-17,-1.47648e-17,1.49035e-17,-1.47648e-17,1.49035e-17,-1.47648e-17,1.49035e-17,-1.47648e-17,1.49035e-17,-1.47648e-17,1.49035e-17,-1.47648e-17,1.49035e-17,-1.47648e-17,1.49035e-17,-1.47648e-17,1.49035e-17,-1.47648e-17,1.49035e-17,-1.47648e-17,1.49035e-17,-1.47648e-17,1.49035e-17,-1.47648e-17,1.49035e-17,-1.47648e-17,1.49035e-17,-1.47648e-17,1.49035e-17,-1.47648e-17,1.49035e-17,-1.47648e-17,1.49035e-17,-1.47648e-17,1.49035e-17,-1.47648e-17,1.49035e-17,-1.47648e-17,1.49035e-17,-1.47648e-17,1.49035e-17,-1.47648e-17,1.49035e-17,-1.47648e-17,1.49035e-17,-1.47648e-17,1.49035e-17,-2.36999e-16,-1.23448e-11,-1.00029e-07,-0.000109675,-0.0162562,-0.323368,-0.813598,-0.0754687,0.230093,0.149659,0.0591352,-0.00701623,-0.042163,-0.0482032,-0.0336601,-0.0102611,0.0109286,0.0225856,0.0225621,0.0134471,0.000665143,-0.0100385,-0.0147783,-0.0126651,-0.00565106,0.00267039,0.00871383,0.0103155,0.00740153,0.00174588,-0.00397442,-0.00737262,-0.00729128,-0.00413982,0.000441106,0.00438323,0.00608924,0.00505035,0.00195627,-0.00620992,0.00266306,0.0140929,-0.0412389,0.0515045,-0.000866294,-0.08127,0.022457,0.127358,0.116694,0.0599698,0.0209596,0.00540738,0.0010782,0.00017111,2.20534e-05,2.34175e-06,2.07006e-07,1.53472e-08,9.59119e-10,5.06812e-11,2.26722e-12,8.582e-14,2.74235e-15,7.36578e-17,1.6519e-18,3.06385e-20,4.63748e-22,5.62307e-24,5.32054e-26,3.78102e-28,1.90244e-30,6.13766e-33,1.04728e-35,5.79894e-39,5.59537e-43,7.61925e-48,1.41257e-53,3.54715e-60,1.20562e-67,5.54577e-76,0,0,0,0,0,0,0,0,0,0,0,0,0,0,0,0,0,0,0,0,0,0,0,0,0,0,0,0,0,0,0,0,0,0,0,0,0,0,0,0,0,0,0,0,0,0,0,0,0,0,0,0,0,0,0,0,0,0
100,-1.47648e-17,1.49035e-17,-1.47648e-17,1.49035e-17,-1.47648e-17,1.49035e-17,-1.47648e-17,1.49035e-17,-1.47648e-17,1.49035e-17,-1.47648e-17,1.49035e-17,-1.47648e-17,1.49035e-17,-1.47648e-17,1.49035e-17,-1.47648e-17,1.49035e-17,-1.47648e-17,1.49035e-17,-1.47648e-17,1.49035e-17,-1.47648e-17,1.49035e-17,-1.47648e-17,1.49035e-17,-1.47648e-17,1.49035e-17,-1.47648e-17,1.49035e-17,-1.47648e-17,1.49035e-17,-1.47648e-17,1.49035e-17,-1.47648e-17,1.49035e-17,-1.47648e-17,1.49035e-17,-1.47648e-17,1.49035e-17,-1.47648e-17,1.49035e-17,-1.47648e-17,1.49035e-17,-1.47648e-17,1.49035e-17,-1.47648e-17,1.49035e-17,-1.47648e-17,1.49035e-17,-1.47648e-17,1.49035e-17,-2.36999e-16,-1.23448e-11,-1.00029e-07,-0.000109675,-0.0162562,-0.323368,-0.813598,-0.0754687,0.230093,0.149659,0.0591352,-0.00701623,-0.042163,-0.0482032,-0.0336601,-0.0102611,0.0109286,0.0225856,0.0225621,0.0134471,0.000665143,-0.0100385,-0.0147783,-0.0126651,-0.00565106,0.00267039,0.00871383,0.0103155,0.00740153,0.00174588,-0.00397442,-0.00737262,-0.00729128,-0.00413982,0.000441106,0.00438323,0.00608924,0.00505035,0.00195627,-0.00170138,-0.00432372,-0.00488426,-0.00331256,-0.000446496,0.00239269,0.00399577,0.00376882,0.00193999,-0.000596017,0.000715132,-0.00491163,0.0148917,-0.0285866,0.0357755,-0.0190132,-0.0268837,0.0602619,-0.0100811,-0.0793551,0.00682816,0.109003,0.118589,0.0731522,0.0314646,0.0102498,0.00264565,0.000556848,9.74898e-05,1.44044e-05,1.8159e-06,1.96965e-07,1.85016e-08,1.51258e-09,1.08033e-10,6.75921e-12,3.71121e-13,1.78983e-14,7.58253e-16,2.81961e-17,9.18791e-19,2.61672e-20,6.48932e-22,1.39435e-23,2.57891e-25,4.07105e-27,5.42499e-29,6.01519e-31,5.44388e-33,3.91686e-35,2.1579e-37,8.60104e-40,2.25873e-42,3.2714e-45,1.68882e-48,1.60823e-52,2.18583e-57,4.05136e-63,1.01732e-69,3.4577e-77,1.59051e-85,0,0,0,0,0,0,0,0,0,0,0,0,0,0,0,0,0,0,0,0,0,0,0,0,0,0,0,0,0,0,0,0,0,0,0,0,0,0,0,0,0,0,0,0,0,0,0,0
110,-1.47648e-17,1.49035e-17,-1.47648e-17,1.49035e-17,-1.47648e-17,1.49035e-17,-1.47648e-17,1.49035e-17,-1.47648e-17,1.49035e-17,-1.47648e-17,1.49035e-17,-1.47648e-17,1.49035e-17,-1.47648e-17,1.49035e-17,-1.47648e-17,1.49035e-17,-1.47648e-17,1.49035e-17,-1.47648e-17,1.49035e-17,-1.47648e-17,1.49035e-17,-1.47648e-17,1.49035e-17,-1.47648e-17,1.49035e-17,-1.47648e-17,1.49035e-17,-1.47648e-17,1.49035e-17,-1.47648e-17,1.49035e-17,-1.47648e-17,1.49035e-17,-1.47648e-17,1.49035e-17,-1.47648e-17,1.49035e-17,-1.47648e-17,1.49035e-17,-2.36999e-16,-1.23448e-11,-1.00029e-07,-0.000109675,-0.0162562,-0.323368,-0.813598,-0.0754687,0.230093,0.149659,0.0591352,-0.00701623,-0.042163,-0.0482032,-0.0336601,-0.0102611,0.0109286,0.0225856,0.0225621,0.0134471,0.000665143,-0.0100385,-0.0147783,-0.0126651,-0.00565106,0.00267039,0.00871383,0.0103155,0.00740153,0.00174588,-0.00397442,-0.00737262,-0.00729128,-0.00413982,0.000441106,0.00438323,0.00608924,0.00505035,0.00195627,-0.00170138,-0.00432372,-0.00488426,-0.00331256,-0.000446496,0.00239269,0.00399577,0.00376882,0.00193999,-0.000596017,-0.00270456,-0.00351023,-0.00275251,-0.000856813,0.00129087,0.0027514,0.0029375,0.00184416,1.64903e-05,-0.00171572,0.00409004,-0.0084182,0.0150588,-0.0222571,0.0248494,-0.0150931,-0.0106961,0.0396747,-0.0386893,-0.012637,0.0612924,-0.0109284,-0.0775253,-0.00896303,0.0904643,0.116984,0.0839039,0.0423639,0.0164328,0.0051276,0.00132457,0.000288912,5.39818e-05,8.7354e-06,1.2348e-06,1.53517e-07,1.68791e-08,1.64856e-09,1.43542e-10,1.11742e-11,7.79435e-13,4.87981e-14,2.7453e-15,1.38878e-16,6.31878e-18,2.5851e-19,9.50286e-21,3.13497e-22,9.26509e-24,2.44727e-25,5.75988e-27,1.20334e-28,2.22098e-30,3.60023e-32,5.08838e-34,6.21357e-36,6.48088e-38,5.68942e-40,4.12356e-42,2.40399e-44,1.0867e-46,3.6057e-49,8.03123e-52,1.01622e-54,4.91735e-58,4.6224e-62,6.27075e-67,1.16197e-72,2.91766e-79,9.91658e-87,4.56154e-95,0,0,0,0,0,0,0,0,0,0,0,0,0,0,0,0,0,0,0,0,0,0,0,0,0,0,0,0,0,0,0,0,0,0,0,0,0,0
120,-1.47648e-17,1.49035e-17,-1.47648e-17,1.49035e-17,-1.47648e-17,1.49035e-17,-1.47648e-17,1.49035e-17,-1.47648e-17,1.49035e-17,-1.47648e-17,1.49035e-17,-1.47648e-17,1.49035e-17,-1.47648e-17,1.49035e-17,-1.47648e-17,1.49035e-17,-1.47648e-17,1.49035e-17,-1.47648e-17,1.49035e-17,-1.47648e-17,1.49035e-17,-1.47648e-17,1.49035e-17,-1.47648e-17,1.49035e-17,-1.47648e-17,1.49035e-17,-1.47648e-17,1.49035e-17,-2.36999e-16,-1.23448e-11,-1.00029e-07,-0.000109675,-0.0162562,-0.323368,-0.813598,-0.0754687,0.230093,0.149659,0.0591352,-0.00701623,-0.042163,-0.0482032,-0.0336601,-0.0102611,0.0109286,0.0225856,0.0225621,0.0134471,0.000665143,-0.0100385,-0.0147783,-0.0126651,-0.00565106,0.00267039,0.00871383,0.0103155,0.00740153,0.00174588,-0.00397442,-0.00737262,-0.00729128,-0.00413982,0.000441106,0.00438323,0.00608924,0.00505035,0.00195627,-0.00170138,-0.00432372,-0.00488426,-0.00331256,-0.000446496,0.00239269,0.00399577,0.00376882,0.00193999,-0.000596017,-0.00270456,-0.00351023,-0.00275251,-0.000856813,0.00129087,0.0027514,0.0029375,0.00184416,1.64903e-05,-0.00171572,-0.00261038,-0.002327,-0.00105121,0.000613286,0.0019266,0.00233844,0.00171569,0.000378963,-0.00105803,-0.00196771,0.00519558,-0.00909695,0.0134652,-0.0168877,0.0164367,-0.0084562,-0.00840281,0.0281117,-0.0347645,0.0121741,0.0310274,-0.0468757,-0.00406676,0.0606923,-0.00730948,-0.0750152,-0.0237074,0.0715746,0.112138,0.0920495,0.0531104,0.0237101,0.00859464,0.00260501,0.000673466,0.000150667,2.94904e-05,5.09383e-06,7.81833e-07,1.07237e-07,1.32056e-08,1.46569e-09,1.47097e-10,1.33847e-11,1.1067e-12,8.33031e-14,5.71653e-15,3.58044e-16,2.04846e-17,1.07111e-18,5.1199e-20,2.23712e-21,8.93257e-23,3.25726e-24,1.08371e-25,3.28554e-27,9.06222e-29,2.26943e-30,5.14728e-32,1.0542e-33,1.94262e-35,3.20701e-37,4.71859e-39,6.14904e-41,7.04347e-43,7.02584e-45,6.03246e-47,4.39312e-49,2.66205e-51,1.30818e-53,5.02956e-56,1.43443e-58,2.78482e-61,3.14155e-64,1.43151e-67,1.32857e-71,1.79897e-76,3.33262e-82,8.3678e-89,2.84405e-96,1.30824e-104,0,0,0,0,0,0,0,0,0,0,0,0,0,0,0,0,0,0,0,0,0,0,0,0,0,0,0,0
130,-1.47648e-17,1.49035e-17,-1.47648e-17,1.49035e-17,-1.47648e-17,1.49035e-17,-1.47648e-17,1.49035e-17,-1.47648e-17,1.49035e-17,-1.47648e-17,1.49035e-17,-1.47648e-17,1.49035e-17,-1.47648e-17,1.49035e-17,-1.47648e-17,1.49035e-17,-1.47648e-17,1.49035e-17,-1.47648e-17,1.49035e-17,-2.36999e-16,-1.23448e-11,-1.00029e-07,-0.000109675,-0.0162562,-0.323368,-0.813598,-0.0754687,0.230093,0.149659,0.0591352,-0.00701623,-0.042163,-0.0482032,-0.0336601,-0.0102611,0.0109286,0.0225856,0.0225621,0.0134471,0.000665143,-0.0100385,-0.0147783,-0.0126651,-0.00565106,0.00267039,0.00871383,0.0103155,0.00740153,0.00174588,-0.00397442,-0.00737262,-0.00729128,-0.00413982,0.000441106,0.00438323,0.00608924,0.00505035,0.00195627,-0.00170138,-0.00432372,-0.00488426,-0.00331256,-0.000446496,0.00239269,0.00399577,0.00376882,0.00193999,-0.000596017,-0.00270456,-0.00351023,-0.00275251,-0.000856813,0.00129087,0.0027514,0.0029375,0.00184416,1.64903e-05,-0.00171572,-0.00261038,-0.002327,-0.00105121,0.000613286,0.0019266,0.00233844,0.00171569,0.000378963,-0.00105803,-0.00196771,-0.00198039,-0.00113203,0.000170064,0.00134031,0.00187635,0.00157293,0.000597911,-0.000596449,-0.00148165,-0.00168536,0.00479315,-0.00783831,0.0103932,-0.01139,0.0091509,-0.0020316,-0.00997497,0.022989,-0.0282814,0.0162232,0.0128612,-0.0381171,0.0275093,0.0213356,-0.0496577,-0.000232062,0.0598597,-0.00119866,-0.0712615,-0.0367412,0.0525409,0.104356,0.0974336,0.06321,0.0317862,0.0130489,0.00450884,0.00133828,0.000346231,7.89431e-05,1.6001e-05,2.90324e-06,4.74244e-07,7.00751e-08,9.40382e-09,1.14999e-09,1.28525e-10,1.31599e-11,1.23709e-12,1.06957e-13,8.51779e-15,6.25608e-16,4.24208e-17,2.65771e-18,1.5394e-19,8.24692e-21,4.08721e-22,1.87403e-23,7.94833e-25,3.11733e-26,1.12997e-27,3.78281e-29,1.16845e-30,3.32613e-32,8.71323e-34,2.09692e-35,4.62658e-37,9.33625e-39,1.71829e-40,2.87475e-42,4.35513e-44,5.94732e-46,7.28147e-48,7.94153e-50,7.65629e-52,6.46355e-54,4.72284e-56,2.94332e-58,1.53508e-60,6.53262e-63,2.18985e-65,5.48998e-68,9.47254e-71,9.67086e-74,4.16656e-77,3.81855e-81,5.16092e-86,9.55825e-92,2.39987e-98,7.99673e-106,3.53558e-114,0,0,0,0,0,0,0,0,0,0,0,0,0,0,0,0,0,0
140,-1.47648e-17,1.49035e-17,-1.47648e-17,1.49035e-17,-1.47648e-17,1.49035e-17,-1.47648e-17,1.49035e-17,-1.47648e-17,1.49035e-17,-1.47648e-17,1.49035e-17,-2.36999e-16,-1.23448e-11,-1.00029e-07,-0.000109675,-0.0162562,-0.323368,-0.813598,-0.0754687,0.230093,0.149659,0.0591352,-0.00701623,-0.042163,-0.0482032,-0.0336601,-0.0102611,0.0109286,0.0225856,0.0225621,0.0134471,0.000665143,-0.0100385,-0.0147783,-0.0126651,-0.00565106,0.00267039,0.00871383,0.0103155,0.00740153,0.00174588,-0.00397442,-0.00737262,-0.00729128,-0.00413982,0.000441106,0.00438323,0.00608924,0.00505035,0.00195627,-0.00170138,-0.00432372,-0.00488426,-0.00331256,-0.000446496,0.00239269,0.00399577,0.00376882,0.00193999,-0.000596017,-0.00270456,-0.00351023,-0.00275251,-0.000856813,0.00129087,0.0027514,0.0029375,0.00184416,1.64903e-05,-0.00171572,-0.00261038,-0.002327,-0.00105121,0.000613286,0.0019266,0.00233844,0.00171569,0.000378963,-0.00105803,-0.00196771,-0.00198039,-0.00113203,0.000170064,0.00134031,0.00187635,0.00157293,0.000597911,-0.000596449,-0.00148165,-0.00168536,-0.00114661,-0.000129595,0.000904006,0.00150343,0.00142427,0.000726823,-0.000261748,-0.00109968,-0.00142712,-0.00111971,0.00349013,-0.00543758,0.00649419,-0.00591105,0.00279326,0.00342238,-0.0120814,0.0203038,-0.0228082,0.0140874,0.00628533,-0.0279071,0.0312274,-0.00431151,-0.0336092,0.0359513,0.0139988,-0.050277,0.000277391,0.0588735,0.00628756,-0.0659833,-0.0476257,0.0337353,0.0939981,0.0999604,0.0722168,0.0403287,0.0184287,0.00711787,0.00237323,0.000693348,0.000179492,4.15341e-05,8.6511e-06,1.63131e-06,2.79823e-07,4.38393e-08,6.2948e-09,8.30857e-10,1.01068e-10,1.13556e-11,1.18076e-12,1.13813e-13,1.01845e-14,8.47125e-16,6.55667e-17,4.72652e-18,3.17576e-19,1.99007e-20,1.1636e-21,6.35039e-23,3.23556e-24,1.53916e-25,6.83566e-27,2.83377e-28,1.09622e-29,3.95541e-31,1.33041e-32,4.1683e-34,1.21541e-35,3.29466e-37,8.29225e-39,1.93495e-40,4.1789e-42,8.33671e-44,1.5328e-45,2.59062e-47,4.01276e-49,5.67676e-51,7.30516e-53,8.51127e-55,8.92907e-57,8.37987e-59,6.98079e-61,5.11338e-63,3.25536e-65,1.77517e-67,8.13704e-70,2.99548e-72,8.55937e-75,1.84272e-77,2.75697e-80,2.47892e-83,9.74862e-87,8.48371e-91,1.10008e-95,1.95779e-101,4.72457e-108,1.54342e-115,6.82389e-124,0,0,0,0,0,0,0,0
150,-1.47648e-17,1.49035e-17,-2.36999e-16,-1.23448e-11,-1.00029e-07,-0.000109675,-0.0162562,-0.323368,-0.813598,-0.0754687,0.230093,0.149659,0.0591352,-0.00701623,-0.042163,-0.0482032,-0.0336601,-0.0102611,0.0109286,0.0225856,0.0225621,0.0134471,0.000665143,-0.0100385,-0.0147783,-0.0126651,-0.00565106,0.00267039,0.00871383,0.0103155,0.00740153,0.00174588,-0.00397442,-0.00737262,-0.00729128,-0.00413982,0.000441106,0.00438323,0.00608924,0.00505035,0.00195627,-0.00170138,-0.00432372,-0.00488426,-0.00331256,-0.000446496,0.00239269,0.00399577,0.00376882,0.00193999,-0.000596017,-0.00270456,-0.00351023,-0.00275251,-0.000856813,0.00129087,0.0027514,0.0029375,0.00184416,1.64903e-05,-0.00171572,-0.00261038,-0.002327,-0.00105121,0.000613286,0.0019266,0.00233844,0.00171569,0.000378963,-0.00105803,-0.00196771,-0.00198039,-0.00113203,0.000170064,0.00134031,0.00187635,0.00157293,0.000597911,-0.000596449,-0.00148165,-0.00168536,-0.00114661,-0.000129595,0.000904006,0.00150343,0.00142427,0.000726823,-0.000261748,-0.00109968,-0.00142712,-0.00111971,-0.000334247,0.000569636,0.0011933,0.00127416,0.000795429,-1.49494e-05,-0.00079192,-0.00119712,-0.00106562,-0.000472204,0.00181091,-0.00262238,0.00249851,-0.000967927,-0.00235643,0.00745022,-0.0134006,0.0180009,-0.0179224,0.0101265,0.00526843,-0.0219944,0.028056,-0.0134442,-0.0165807,0.0358817,-0.0174203,-0.027113,0.0401242,0.00941151,-0.0500893,-0.00150205,0.057493,0.0144084,-0.0591172,-0.0560597,0.0155994,0.08149,0.0996127,0.07974,0.0489802,0.0246136,0.0104784,0.00386364,0.0012531,0.000361596,9.36604e-05,2.19305e-05,4.66892e-06,9.08136e-07,1.62041e-07,2.66166e-08,4.03689e-09,5.66819e-10,7.38487e-11,8.94575e-12,1.00934e-12,1.06239e-13,1.04461e-14,9.60664e-16,8.27184e-17,6.67493e-18,5.05188e-19,3.58855e-20,2.39383e-21,1.50031e-22,8.83784e-24,4.89448e-25,2.54884e-26,1.24823e-27,5.74855e-29,2.48942e-30,1.01352e-31,3.87826e-33,1.39427e-34,4.7071e-36,1.49141e-37,4.43173e-39,1.23401e-40,3.21675e-42,7.84126e-44,1.78515e-45,3.79014e-47,7.49235e-49,1.37643e-50,2.34503e-52,3.69624e-54,5.37533e-56,7.19003e-58,8.61611e-60,9.21471e-62,8.96163e-64,7.88125e-66,6.2265e-68,4.38454e-70,2.72599e-72,1.4791e-74,6.90286e-77,2.71969e-79,8.82549e-82,2.27967e-84,4.45954e-87,6.10651e-90,5.08714e-93,1.90775e-96,1.64081e-100,2.12383e-105,3.77881e-111,0
160,0.230093,0.149659,0.0591352,-0.00701623,-0.042163,-0.0482032,-0.0336601,-0.0102611,0.0109286,0.0225856,0.0225621,0.0134471,0.000665143,-0.0100385,-0.0147783,-0.0126651,-0.00565106,0.00267039,0.00871383,0.0103155,0.00740153,0.00174588,-0.00397442,-0.00737262,-0.00729128,-0.00413982,0.000441106,0.00438323,0.00608924,0.00505035,0.00195627,-0.00170138,-0.00432372,-0.00488426,-0.00331256,-0.000446496,0.00239269,0.00399577,0.00376882,0.00193999,-0.000596017,-0.00270456,-0.00351023,-0.00275251,-0.000856813,0.00129087,0.0027514,0.0029375,0.00184416,1.64903e-05,-0.00171572,-0.00261038,-0.002327,-0.00105121,0.000613286,0.0019266,0.00233844,0.00171569,0.000378963,-0.00105803,-0.00196771,-0.00198039,-0.00113203,0.000170064,0.00134031,0.00187635,0.00157293,0.000597911,-0.000596449,-0.00148165,-0.00168536,-0.00114661,-0.000129595,0.000904006,0.00150343,0.00142427,0.000726823,-0.000261748,-0.00109968,-0.00142712,-0.00111971,-0.000334247,0.000569636,0.0011933,0.00127416,0.000795429,-1.49494e-05,-0.00079192,-0.00119712,-0.00106562,-0.000472204,0.000308953,0.000930375,0.0011253,0.000821677,0.00016759,-0.000540148,-0.00099022,-0.000993298,-0.00056119,0.000104245,0.00018663,-6.99588e-06,-0.00094163,0.00290321,-0.00594288,0.00974239,-0.0133687,0.0151722,-0.0130842,0.00559472,0.00661062,-0.0191361,0.0242448,-0.0149985,-0.00731865,0.0281802,-0.0266538,-0.00319897,0.0344833,-0.0260229,-0.0212203,0.0419736,0.00717554,-0.0495559,-0.00486104,0.0554497,0.0226014,-0.0507588,-0.0618539,-0.00140937,0.0673091,0.0964609,0.085452,0.0573729,0.0314307,0.0145966,0.00588334,0.00209152,0.000663563,0.000189585,4.91298e-05,1.16156e-05,2.51772e-06,5.02374e-07,9.26038e-08,1.58173e-08,2.51013e-09,3.70959e-10,5.11588e-11,6.59585e-12,7.96307e-13,9.01527e-14,9.58351e-15,9.57672e-16,9.00535e-17,7.97572e-18,6.65847e-19,5.24351e-20,3.89745e-21,2.73578e-22,1.81435e-23,1.13727e-24,6.73973e-26,3.77707e-27,2.00204e-28,1.00378e-29,4.76059e-31,2.13561e-32,9.06095e-34,3.63527e-35,1.3788e-36,4.94228e-38,1.67354e-39,5.35079e-41,1.61445e-42,4.59378e-44,1.23176e-45,3.10967e-47,7.38428e-49,1.60713e-50,3.20126e-52,5.98262e-54,1.0473e-55,1.71427e-57,2.61851e-59,3.72413e-61,4.91924e-63,6.01786e-65,6.79614e-67,7.05943e-69,6.71654e-71,5.82493e-73,4.57893e-75,3.24117e-77,2.04973e-79,1.14724e-81,5.61761e-84,2.37203e-86,0
170,0.0225621,0.0134471,0.000665143,-0.0100385,-0.0147783,-0.0126651,-0.00565106,0.00267039,0.00871383,0.0103155,0.00740153,0.00174588,-0.00397442,-0.00737262,-0.00729128,-0.00413982,0.000441106,0.00438323,0.00608924,0.00505035,0.00195627,-0.00170138,-0.00432372,-0.00488426,-0.00331256,-0.000446496,0.00239269,0.00399577,0.00376882,0.00193999,-0.000596017,-0.00270456,-0.00351023,-0.00275251,-0.000856813,0.00129087,0.0027514,0.0029375,0.00184416,1.64903e-05,-0.00171572,-0.00261038,-0.002327,-0.00105121,0.000613286,0.0019266,0.00233844,0.00171569,0.000378963,-0.00105803,-0.00196771,-0.00198039,-0.00113203,0.000170064,0.00134031,0.00187635,0.00157293,0.000597911,-0.000596449,-0.00148165,-0.00168536,-0.00114661,-0.000129595,0.000904006,0.00150343,0.00142427,0.000726823,-0.000261748,-0.00109968,-0.00142712,-0.00111971,-0.000334247,0.000569636,0.0011933,0.00127416,0.000795429,-1.49494e-05,-0.00079192,-0.00119712,-0.00106562,-0.000472204,0.000308953,0.000930375,0.0011253,0.000821677,0.00016759,-0.000540148,-0.00099022,-0.000993298,-0.00056119,0.000104245,0.000704896,0.000979568,0.000817186,0.000301142,-0.000332645,-0.000803221,-0.000908813,-0.00061301,-5.62331e-05,0.000510491,-0.001072,0.00196329,-0.00335853,0.00532864,-0.00775149,0.0101997,-0.0118565,0.0115618,-0.00812539,0.0010071,0.00873904,-0.0177582,0.020859,-0.0135509,-0.00364028,0.0218766,-0.0266448,0.00909745,0.0202904,-0.0326751,0.00822299,0.0305913,-0.0312217,-0.0167742,0.0426191,0.00679239,-0.0487527,-0.00928982,0.0525318,0.0304027,-0.0411214,-0.0649232,-0.0168531,0.0519738,0.0906642,0.089099,0.0651427,0.0386626,0.019436,0.00848817,0.00327547,0.00113056,0.000352292,9.98346e-05,2.58824e-05,6.16891e-06,1.35736e-06,2.76696e-07,5.24162e-08,9.25222e-09,1.52534e-09,2.35361e-10,3.40528e-11,4.62746e-12,5.91494e-13,7.1212e-14,8.08488e-15,8.66523e-16,8.77599e-17,8.40623e-18,7.62144e-19,6.54499e-20,5.32708e-21,4.11169e-22,3.01102e-23,2.09293e-24,1.38134e-25,8.6594e-27,5.15732e-28,2.91873e-29,1.56986e-30,8.02539e-32,3.89964e-33,1.80107e-34,7.90601e-36,3.29802e-37,1.30721e-38,4.92187e-40,1.75985e-41,5.8155e-43,1.77387e-44,5.13874e-46,1.41299e-47,3.68541e-49,9.11127e-51,2.13336e-52,4.72663e-54,9.89936e-56,1.95772e-57,3.65135e-59,6.41396e-61,1.05955e-62,1.6433e-64,2.38845e-66,3.2466e-68,4.11777e-70,4.86077e-72,5.32436e-74,0
180,0.00740153,0.00174588,-0.00397442,-0.00737262,-0.00729128,-0.00413982,0.000441106,0.00438323,0.00608924,0.00505035,0.00195627,-0.00170138,-0.00432372,-0.00488426,-0.00331256,-0.000446496,0.00239269,0.00399577,0.00376882,0.00193999,-0.000596017,-0.00270456,-0.00351023,-0.00275251,-0.000856813,0.00129087,0.0027514,0.0029375,0.00184416,1.64903e-05,-0.00171572,-0.00261038,-0.002327,-0.00105121,0.000613286,0.0019266,0.00233844,0.00171569,0.000378963,-0.00105803,-0.00196771,-0.00198039,-0.00113203,0.000170064,0.00134031,0.00187635,0.00157293,0.000597911,-0.000596449,-0.00148165,-0.00168536,-0.00114661,-0.000129595,0.000904006,0.00150343,0.00142427,0.000726823,-0.000261748,-0.00109968,-0.00142712,-0.00111971,-0.000334247,0.000569636,0.0011933,0.00127416,0.000795429,-1.49494e-05,-0.00079192,-0.00119712,-0.00106562,-0.000472204,0.000308953,0.000930375,0.0011253,0.000821677,0.00016759,-0.000540148,-0.00099022,-0.000993298,-0.00056119,0.000104245,0.000704896,0.000979568,0.000817186,0.000301142,-0.000332645,-0.000803221,-0.000908813,-0.00061301,-5.62331e-05,0.000510491,0.000838412,0.000789966,0.000396135,-0.000161479,-0.000634102,-0.000816529,-0.000635975,-0.000180672,0.000342806,0.000703036,-0.00179353,0.00304867,-0.00452844,0.00618546,-0.00780926,0.008979,-0.00906314,0.00732623,-0.00320496,-0.00323317,0.0107674,-0.0167661,0.017703,-0.0108532,-0.00310429,0.018136,-0.0241968,0.0136395,0.00984114,-0.0282495,0.0213722,0.00989684,-0.0337231,0.0167203,0.0262487,-0.0341716,-0.0138816,0.0426253,0.00783256,-0.0476032,-0.0143892,0.0486073,0.0374183,-0.0305036,-0.0652832,-0.0303395,0.0360268,0.0824674,0.0905074,0.0719434,0.0460571,0.0249171,0.0117104,0.00486796,0.00181289,0.000610676,0.000187468,5.27647e-05,1.36845e-05,3.284e-06,7.31851e-07,1.51925e-07,2.94577e-08,5.34761e-09,9.10806e-10,1.45819e-10,2.19811e-11,3.12458e-12,4.19404e-13,5.32238e-14,6.39287e-15,7.27519e-16,7.85143e-17,8.04215e-18,7.82426e-19,7.23536e-20,6.36343e-21,5.32574e-22,4.2437e-23,3.2209e-24,2.32944e-25,1.6059e-26,1.05562e-27,6.61806e-29,3.95803e-30,2.25854e-31,1.22979e-32,6.39036e-34,3.16889e-35,1.45719e-36,6.20287e-38,2.52315e-39,9.8061e-41,3.6405e-42,1.29071e-43,4.36894e-45,1.41141e-46,4.35009e-48,1.27856e-49,3.5819e-51,9.55964e-53,2.42911e-54,5.87279e-56,1.34995e-57,2.94797e-59,6.11053e-61,1.20107e-62,2.23565e-64,0
190,0.00195627,-0.00170138,-0.00432372,-0.00488426,-0.00331256,-0.000446496,0.00239269,0.00399577,0.00376882,0.00193999,-0.000596017,-0.00270456,-0.00351023,-0.00275251,-0.000856813,0.00129087,0.0027514,0.0029375,0.00184416,1.64903e-05,-0.00171572,-0.00261038,-0.002327,-0.00105121,0.000613286,0.0019266,0.00233844,0.00171569,0.000378963,-0.00105803,-0.00196771,-0.00198039,-0.00113203,0.000170064,0.00134031,0.00187635,0.00157293,0.000597911,-0.000596449,-0.00148165,-0.00168536,-0.00114661,-0.000129595,0.000904006,0.00150343,0.00142427,0.000726823,-0.000261748,-0.00109968,-0.00142712,-0.00111971,-0.000334247,0.000569636,0.0011933,0.00127416,0.000795429,-1.49494e-05,-0.00079192,-0.00119712,-0.00106562,-0.000472204,0.000308953,0.000930375,0.0011253,0.000821677,0.00016759,-0.000540148,-0.00099022,-0.000993298,-0.00056119,0.000104245,0.000704896,0.000979568,0.000817186,0.000301142,-0.000332645,-0.000803221,-0.000908813,-0.00061301,-5.62331e-05,0.000510491,0.000838412,0.000789966,0.000396135,-0.000161479,-0.000634102,-0.000816529,-0.000635975,-0.000180672,0.000342806,0.000703036,0.000745845,0.000460059,-2.10214e-05,-0.000481547,-0.000719768,-0.000636236,-0.000275068,0.000198733,0.000574468,0.000689277,-0.00194566,0.0032191,-0.00448126,0.0056175,-0.00639972,0.00648069,-0.00543527,0.00287951,0.00131315,-0.00672199,0.0121224,-0.0154755,0.0144369,-0.0075387,-0.00421565,0.0162933,-0.0215811,0.0143325,0.00411756,-0.0223804,0.024465,-0.00407367,-0.0233194,0.0284892,5.90452e-05,-0.0320718,0.0225798,0.0224245,-0.0357161,-0.0123893,0.0422367,0.00995019,-0.0459848,-0.0198198,0.0436255,0.0433157,-0.0192633,-0.0630459,-0.0415416,0.0200167,0.0721929,0.0895902,0.077461,0.0533378,0.0309187,0.0155543,0.00692342,0.00276362,0.000999212,0.000329775,9.99647e-05,2.79737e-05,7.25735e-06,1.75187e-06,3.94711e-07,8.3232e-08,1.64655e-08,3.06237e-09,5.36482e-10,8.86761e-11,1.38508e-11,2.0472e-12,2.86687e-13,3.80812e-14,4.8031e-15,5.75772e-16,6.56561e-17,7.12751e-18,7.37146e-19,7.2679e-20,6.83544e-21,6.13571e-22,5.25922e-23,4.30658e-24,3.37035e-25,2.52179e-26,1.80458e-27,1.23538e-28,8.09176e-30,4.92028e-31,2.76998e-32,1.49529e-33,7.74036e-35,3.84236e-36,1.82909e-37,8.34951e-39,3.65467e-40,1.53377e-41,6.17077e-43,2.37971e-44,8.79492e-46,3.11436e-47,1.05639e-48,3.43141e-50,1.06702e-51,3.17519e-53,9.03822e-55,2.45833e-56,0
200,-0.000596017,-0.00270456,-0.00351023,-0.00275251,-0.000856813,0.00129087,0.0027514,0.0029375,0.00184416,1.64903e-05,-0.00171572,-0.00261038,-0.002327,-0.00105121,0.000613286,0.0019266,0.00233844,0.00171569,0.000378963,-0.00105803,-0.00196771,-0.00198039,-0.00113203,0.000170064,0.00134031,0.00187635,0.00157293,0.000597911,-0.000596449,-0.00148165,-0.00168536,-0.00114661,-0.000129595,0.000904006,0.00150343,0.00142427,0.000726823,-0.000261748,-0.00109968,-0.00142712,-0.00111971,-0.000334247,0.000569636,0.0011933,0.00127416,0.000795429,-1.49494e-05,-0.00079192,-0.00119712,-0.00106562,-0.000472204,0.000308953,0.000930375,0.0011253,0.000821677,0.00016759,-0.000540148,-0.00099022,-0.000993298,-0.00056119,0.000104245,0.000704896,0.000979568,0.000817186,0.000301142,-0.000332645,-0.000803221,-0.000908813,-0.00061301,-5.62331e-05,0.000510491,0.000838412,0.000789966,0.000396135,-0.000161479,-0.000634102,-0.000816529,-0.000635975,-0.000180672,0.000342806,0.000703036,0.000745845,0.000460059,-2.10214e-05,-0.000481547,-0.000719768,-0.000636236,-0.000275068,0.000198733,0.000574468,0.000689277,0.000498558,9.29084e-05,-0.000344669,-0.000621164,-0.000618556,-0.000344015,7.59432e-05,0.000453598,0.000623803,0.000516071,-0.0016146,0.00262475,-0.00346322,0.00399184,-0.00401149,0.00327965,-0.00156588,-0.00124313,0.00499182,-0.0090928,0.0124374,-0.0135123,0.010858,-0.00389815,-0.0060977,0.0155217,-0.0192442,0.0132379,0.00174053,-0.017976,0.0235436,-0.0110238,-0.0129119,0.0276901,-0.0155978,-0.0155293,0.0314771,-0.00803531,-0.0293165,0.0264151,0.0194889,-0.03639,-0.0120786,0.0415246,0.012862,-0.0437771,-0.025277,0.0376138,0.0478252,-0.00779405,-0.058413,-0.0502119,0.00447973,0.0602295,0.0863486,0.0814264,0.0602163,0.0372818,0.0199928,0.00948295,0.00403564,0.0015571,0.000549083,0.000178089,5.34033e-05,1.48701e-05,3.85895e-06,9.3628e-07,2.12969e-07,4.55249e-08,9.16501e-09,1.74099e-09,3.12594e-10,5.31321e-11,8.5611e-12,1.30933e-12,1.90292e-13,2.63087e-14,3.46343e-15,4.34537e-16,5.20013e-17,5.94011e-18,6.48136e-19,6.75934e-20,6.74159e-21,6.43387e-22,5.87824e-23,5.14377e-24,4.31191e-25,3.35511e-26,2.41356e-27,1.668e-28,1.10768e-29,7.06967e-31,4.33726e-32,2.55813e-33,1.45067e-34,7.91024e-36,4.14774e-37,2.09145e-38,1.01415e-39,4.72904e-41,2.1205e-42,9.14266e-44,3.78997e-45,1.51036e-46,5.78553e-48,2.12732e-49,0
210,-0.00171572,-0.00261038,-0.002327,-0.00105121,0.000613286,0.0019266,0.00233844,0.00171569,0.000378963,-0.00105803,-0.00196771,-0.00198039,-0.00113203,0.000170064,0.00134031,0.00187635,0.00157293,0.000597911,-0.000596449,-0.00148165,-0.00168536,-0.00114661,-0.000129595,0.000904006,0.00150343,0.00142427,0.000726823,-0.000261748,-0.00109968,-0.00142712,-0.00111971,-0.000334247,0.000569636,0.0011933,0.00127416,0.000795429,-1.49494e-05,-0.00079192,-0.00119712,-0.00106562,-0.000472204,0.000308953,0.000930375,0.0011253,0.000821677,0.00016759,-0.000540148,-0.00099022,-0.000993298,-0.00056119,0.000104245,0.000704896,0.000979568,0.000817186,0.000301142,-0.000332645,-0.000803221,-0.000908813,-0.00061301,-5.62331e-05,0.000510491,0.000838412,0.000789966,0.000396135,-0.000161479,-0.000634102,-0.000816529,-0.000635975,-0.000180672,0.000342806,0.000703036,0.000745845,0.000460059,-2.10214e-05,-0.000481547,-0.000719768,-0.000636236,-0.000275068,0.000198733,0.000574468,0.000689277,0.000498558,9.29084e-05,-0.000344669,-0.000621164,-0.000618556,-0.000344015,7.59432e-05,0.000453598,0.000623803,0.000516071,0.000183569,-0.00022283,-0.000522875,-0.000586767,-0.000391191,-2.74055e-05,0.000341188,0.00055233,0.000516229,0.000253619,-0.000967813,0.00153942,-0.00186374,0.0018127,-0.00124215,1.90947e-05,0.00192535,-0.00451673,0.00744468,-0.0100916,0.0115435,-0.0107595,0.00695569,-0.000172828,-0.00817313,0.0151504,-0.0170551,0.01125,0.00143965,-0.0153355,0.0215699,-0.0136225,-0.0058378,0.0230198,-0.0215842,-0.00114402,0.0253408,-0.0234576,-0.00730942,0.0317702,-0.014198,-0.0264028,0.0288044,0.0175171,-0.0364994,-0.0127335,0.0404737,0.0163243,-0.0408853,-0.0304808,0.0306692,0.0507434,0.0034959,-0.0516669,-0.056193,-0.0100792,0.047018,0.080872,0.0836263,0.0664045,0.0438147,0.0249659,0.0125699,0.00567832,0.00232693,0.000872263,0.000301067,9.61931e-05,2.85766e-05,7.92287e-06,2.05661e-06,5.01216e-07,1.14964e-07,2.48712e-08,5.08469e-09,9.84044e-10,1.8056e-10,3.14553e-11,5.20943e-12,8.21137e-13,1.23321e-13,1.76635e-14,2.41506e-15,3.15465e-16,3.93986e-17,4.70786e-18,5.38595e-19,5.90282e-20,6.19899e-21,6.03746e-22,5.42216e-23,4.68246e-24,3.88963e-25,3.10894e-26,2.39172e-27,1.77139e-28,1.26335e-29,8.67824e-31,5.74272e-32,3.66145e-33,2.24956e-34,1.332e-35,7.60175e-37,4.18177e-38,2.21752e-39,1.13358e-40,5.58622e-42,2.64845e-43,0
220,-0.00196771,-0.00198039,-0.00113203,0.000170064,0.00134031,0.00187635,0.00157293,0.000597911,-0.000596449,-0.00148165,-0.00168536,-0.00114661,-0.000129595,0.000904006,0.00150343,0.00142427,0.000726823,-0.000261748,-0.00109968,-0.00142712,-0.00111971,-0.000334247,0.000569636,0.0011933,0.00127416,0.000795429,-1.49494e-05,-0.00079192,-0.00119712,-0.00106562,-0.000472204,0.000308953,0.000930375,0.0011253,0.000821677,0.00016759,-0.000540148,-0.00099022,-0.000993298,-0.00056119,0.000104245,0.000704896,0.000979568,0.000817186,0.000301142,-0.000332645,-0.000803221,-0.000908813,-0.00061301,-5.62331e-05,0.000510491,0.000838412,0.000789966,0.000396135,-0.000161479,-0.000634102,-0.000816529,-0.000635975,-0.000180672,0.000342806,0.000703036,0.000745845,0.000460059,-2.10214e-05,-0.000481547,-0.000719768,-0.000636236,-0.000275068,0.000198733,0.000574468,0.000689277,0.000498558,9.29084e-05,-0.000344669,-0.000621164,-0.000618556,-0.000344015,7.59432e-05,0.000453598,0.000623803,0.000516071,0.000183569,-0.00022283,-0.000522875,-0.000586767,-0.000391191,-2.74055e-05,0.000341188,0.00055233,0.000516229,0.000253619,-0.000115526,-0.000426694,-0.000544056,-0.000419661,-0.000112854,0.000237872,0.0004773,0.000502099,0.000305326,-2.23021e-05,-0.000207748,0.000288872,-0.000123192,-0.000385358,0.001317,-0.00270855,0.00451171,-0.00654254,0.0084373,-0.00964284,0.00948086,-0.00732445,0.00289778,0.00335693,-0.0100031,0.0146791,-0.0147691,0.00872593,0.0023742,-0.0140457,0.0196115,-0.0139192,-0.00191202,0.0184374,-0.0224217,0.00763094,0.0159676,-0.0262954,0.00956032,0.0199274,-0.0279445,9.66241e-05,0.0305758,-0.018657,-0.0238253,0.0301887,0.0164542,-0.0362008,-0.014158,0.0390299,0.020117,-0.0372518,-0.0351738,0.0229503,0.0519385,0.014204,-0.0431584,-0.0594229,-0.0232035,0.0330355,0.0733331,0.0839126,0.0716275,0.0503008,0.0303805,0.0161864,0.00773393,0.00335281,0.00133035,0.000486443,0.00016481,5.19743e-05,1.53144e-05,4.22991e-06,1.09825e-06,2.68712e-07,6.20912e-08,1.3576e-08,2.81363e-09,5.53599e-10,1.03555e-10,1.84398e-11,3.12941e-12,5.06705e-13,7.8355e-14,1.15823e-14,1.63795e-15,2.21782e-16,2.87584e-17,3.45373e-18,3.81101e-19,4.04431e-20,4.12958e-21,4.05893e-22,3.84182e-23,3.50301e-24,3.07804e-25,2.60719e-26,2.12943e-27,1.67749e-28,1.27488e-29,9.34954e-31,6.61768e-32,4.52163e-33,2.98284e-34,1.90007e-35,1.16886e-36,6.92291e-38,0
230,-0.00168536,-0.00114661,-0.000129595,0.000904006,0.00150343,0.00142427,0.000726823,-0.000261748,-0.00109968,-0.00142712,-0.00111971,-0.000334247,0.000569636,0.0011933,0.00127416,0.000795429,-1.49494e-05,-0.00079192,-0.00119712,-0.00106562,-0.000472204,0.000308953,0.000930375,0.0011253,0.000821677,0.00016759,-0.000540148,-0.00099022,-0.000993298,-0.00056119,0.000104245,0.000704896,0.000979568,0.000817186,0.000301142,-0.000332645,-0.000803221,-0.000908813,-0.00061301,-5.62331e-05,0.000510491,0.000838412,0.000789966,0.000396135,-0.000161479,-0.000634102,-0.000816529,-0.000635975,-0.000180672,0.000342806,0.000703036,0.000745845,0.000460059,-2.10214e-05,-0.000481547,-0.000719768,-0.000636236,-0.000275068,0.000198733,0.000574468,0.000689277,0.000498558,9.29084e-05,-0.000344669,-0.000621164,-0.000618556,-0.000344015,7.59432e-05,0.000453598,0.000623803,0.000516071,0.000183569,-0.00022283,-0.000522875,-0.000586767,-0.000391191,-2.74055e-05,0.000341188,0.00055233,0.000516229,0.000253619,-0.000115526,-0.000426694,-0.000544056,-0.000419661,-0.000112854,0.000237872,0.0004773,0.000502099,0.000305326,-2.23021e-05,-0.000334133,-0.000493141,-0.000432067,-0.000181763,0.000144156,0.000400798,0.000476345,0.000340698,5.72943e-05,-0.000246454,0.000474214,-0.000821145,0.00135897,-0.00214155,0.00318939,-0.0044672,0.0058567,-0.00713201,0.00795102,-0.00788272,0.00649239,-0.00349824,-0.00101323,0.00637289,-0.0112343,0.0137564,-0.0121899,0.00582914,0.00400319,-0.0136007,0.0178864,-0.0130356,-0.0002472,0.0151215,-0.0212452,0.0119556,0.00822752,-0.0234163,0.0180534,0.00621154,-0.0261985,0.0177918,0.0133879,-0.0298945,0.00622292,0.0287393,-0.0217528,-0.0218051,0.0308698,0.0161945,-0.0355576,-0.016176,0.0371295,0.0240333,-0.0328612,-0.0391247,0.0146659,0.0513521,0.0239512,-0.0332926,-0.0599366,-0.0345003,0.0187771,0.0639815,0.0822082,0.0756354,0.0565066,0.0361121,0.0203098,0.010234,0.00467814,0.00195781,0.000755479,0.000270325,9.0112e-05,2.80931e-05,8.21821e-06,2.26233e-06,5.8752e-07,1.44255e-07,3.35528e-08,7.40593e-09,1.5537e-09,3.10249e-10,5.9044e-11,1.0722e-11,1.85988e-12,3.08481e-13,4.89307e-14,7.17587e-15,9.62541e-16,1.24108e-16,1.53914e-17,1.83697e-18,2.11103e-19,2.33707e-20,2.49361e-21,2.56535e-22,2.54563e-23,2.43744e-24,2.25274e-25,2.01029e-26,1.73263e-27,1.44268e-28,1.1608e-29,9.02743e-31,6.78698e-32,4.91048e-33,0
240,-0.00111971,-0.000334247,0.000569636,0.0011933,0.00127416,0.000795429,-1.49494e-05,-0.00079192,-0.00119712,-0.00106562,-0.000472204,0.000308953,0.000930375,0.0011253,0.000821677,0.00016759,-0.000540148,-0.00099022,-0.000993298,-0.00056119,0.000104245,0.000704896,0.000979568,0.000817186,0.000301142,-0.000332645,-0.000803221,-0.000908813,-0.00061301,-5.62331e-05,0.000510491,0.000838412,0.000789966,0.000396135,-0.000161479,-0.000634102,-0.000816529,-0.000635975,-0.000180672,0.000342806,0.000703036,0.000745845,0.000460059,-2.10214e-05,-0.000481547,-0.000719768,-0.000636236,-0.000275068,0.000198733,0.000574468,0.000689277,0.000498558,9.29084e-05,-0.000344669,-0.000621164,-0.000618556,-0.000344015,7.59432e-05,0.000453598,0.000623803,0.000516071,0.000183569,-0.00022283,-0.000522875,-0.000586767,-0.000391191,-2.74055e-05,0.000341188,0.00055233,0.000516229,0.000253619,-0.000115526,-0.000426694,-0.000544056,-0.000419661,-0.000112854,0.000237872,0.0004773,0.000502099,0.000305326,-2.23021e-05,-0.000334133,-0.000493141,-0.000432067,-0.000181763,0.000144156,0.000400798,0.000476345,0.000340698,5.72943e-05,-0.000246454,-0.000436379,-0.000430755,-0.000235393,6.0409e-05,0.000324614,0.000441326,0.00036157,0.000123752,-0.000164709,-0.000375843,0.000935169,-0.0015637,0.00229785,-0.00314943,0.00409231,-0.0050475,0.00587004,-0.00634447,0.00619898,-0.00515014,0.00298735,0.000304265,-0.00440534,0.0085612,-0.0116018,0.0121732,-0.00922729,0.00269238,0.00594046,-0.0135535,0.0162942,-0.0114933,-7.91665e-05,0.0131296,-0.019592,0.01355,0.00310626,-0.0191856,0.0207981,-0.00376167,-0.0186373,0.024005,-0.00350859,-0.0229833,0.0233655,0.00692115,-0.0301741,0.0110219,0.0267914,-0.0238066,-0.0204105,0.0310383,0.0166181,-0.0345789,-0.0186257,0.0347151,0.0278759,-0.0277417,-0.0421334,0.00606386,0.0490007,0.0323985,-0.0225122,-0.0578638,-0.0436539,0.00473815,0.0531337,0.0785114,0.078215,0.0621913,0.0420078,0.0248917,0.013196,0.00634296,0.00279138,0.00113304,0.000426698,0.000149805,4.9226e-05,1.51913e-05,4.41558e-06,1.21193e-06,3.14794e-07,7.75349e-08,1.81408e-08,4.03827e-09,8.56519e-10,1.73314e-10,3.34602e-11,5.96045e-12,9.65682e-13,1.50215e-13,2.24521e-14,3.22684e-15,4.46237e-16,5.94144e-17,7.6209e-18,9.422e-19,1.12336e-19,1.29223e-20,1.4348e-21,1.53834e-22,1.59326e-23,1.5946e-24,1.54272e-25,1.44321e-26,1.30582e-27,1.13527e-28,0
250,-0.000472204,0.000308953,0.000930375,0.0011253,0.000821677,0.00016759,-0.000540148,-0.00099022,-0.000993298,-0.00056119,0.000104245,0.000704896,0.000979568,0.000817186,0.000301142,-0.000332645,-0.000803221,-0.000908813,-0.00061301,-5.62331e-05,0.000510491,0.000838412,0.000789966,0.000396135,-0.000161479,-0.000634102,-0.000816529,-0.000635975,-0.000180672,0.000342806,0.000703036,0.000745845,0.000460059,-2.10214e-05,-0.000481547,-0.000719768,-0.000636236,-0.000275068,0.000198733,0.000574468,0.000689277,0.000498558,9.29084e-05,-0.000344669,-0.000621164,-0.000618556,-0.000344015,7.59432e-05,0.000453598,0.000623803,0.000516071,0.000183569,-0.00022283,-0.000522875,-0.000586767,-0.000391191,-2.74055e-05,0.000341188,0.00055233,0.000516229,0.000253619,-0.000115526,-0.000426694,-0.000544056,-0.000419661,-0.000112854,0.000237872,0.0004773,0.000502099,0.000305326,-2.23021e-05,-0.000334133,-0.000493141,-0.000432067,-0.000181763,0.000144156,0.000400798,0.000476345,0.000340698,5.72943e-05,-0.000246454,-0.000436379,-0.000430755,-0.000235393,6.0409e-05,0.000324614,0.000441326,0.00036157,0.000123752,-0.000164709,-0.000375843,-0.00041785,-0.000274956,-1.31337e-05,0.00025029,0.00039916,0.000369661,0.000177618,-8.97452e-05,-0.000313363,-0.000395312,0.00110326,-0.00182622,0.00256566,-0.00329934,0.00397214,-0.00448886,0.00471248,-0.00447292,0.0035927,-0.00193472,-0.000527075,0.00362311,-0.00691426,0.00967055,-0.0109563,0.00986665,-0.00591548,-0.000515029,0.00786776,-0.0135345,0.014648,-0.00950862,-0.000879912,0.0121778,-0.0180419,0.0136325,0.000236337,-0.0154894,0.0206538,-0.00960221,-0.0108876,0.0233131,-0.0139683,-0.0108504,0.0258456,-0.0117471,-0.0181681,0.0266733,0.00114254,-0.0294878,0.014632,0.0250357,-0.0250755,-0.0196294,0.0308039,0.0176044,-0.0332456,-0.021354,0.031746,0.0314564,-0.0219647,-0.0440375,-0.00258184,0.0449733,0.0392609,-0.0112801,-0.0534225,-0.0504352,-0.00860435,0.0411601,0.072896,0.0791994,0.0671176,0.0478915,0.0298564,0.01662,0.00838124,0.00386858,0.00164719,0.000650943,0.000239938,8.28304e-05,2.68733e-05,8.21825e-06,2.37511e-06,6.50152e-07,1.68904e-07,4.17161e-08,9.79525e-09,2.11712e-09,4.13278e-10,7.73053e-11,1.38703e-11,2.38935e-12,3.95514e-13,6.2962e-14,9.64601e-15,1.4232e-15,2.02352e-16,2.77415e-17,3.66918e-18,4.68436e-19,5.77539e-20,6.87948e-21,7.92058e-22,8.8177e-23,9.49445e-24,9.79663e-25,0
260,0.000104245,0.000704896,0.000979568,0.000817186,0.000301142,-0.000332645,-0.000803221,-0.000908813,-0.00061301,-5.62331e-05,0.000510491,0.000838412,0.000789966,0.000396135,-0.000161479,-0.000634102,-0.000816529,-0.000635975,-0.000180672,0.000342806,0.000703036,0.000745845,0.000460059,-2.10214e-05,-0.000481547,-0.000719768,-0.000636236,-0.000275068,0.000198733,0.000574468,0.000689277,0.000498558,9.29084e-05,-0.000344669,-0.000621164,-0.000618556,-0.000344015,7.59432e-05,0.000453598,0.000623803,0.000516071,0.000183569,-0.00022283,-0.000522875,-0.000586767,-0.000391191,-2.74055e-05,0.000341188,0.00055233,0.000516229,0.000253619,-0.000115526,-0.000426694,-0.000544056,-0.000419661,-0.000112854,0.000237872,0.0004773,0.000502099,0.000305326,-2.23021e-05,-0.000334133,-0.000493141,-0.000432067,-0.000181763,0.000144156,0.000400798,0.000476345,0.000340698,5.72943e-05,-0.000246454,-0.000436379,-0.000430755,-0.000235393,6.0409e-05,0.000324614,0.000441326,0.00036157,0.000123752,-0.000164709,-0.000375843,-0.00041785,-0.000274956,-1.31337e-05,0.00025029,0.00039916,0.000369661,0.000177618,-8.97452e-05,-0.000313363,-0.000395312,-0.000301648,-7.63766e-05,0.000179143,0.000351763,0.000366607,0.000219507,-2.22251e-05,-0.000250553,-0.000364961,-0.000316664,0.000982687,-0.00161835,0.00219776,-0.0026773,0.00299116,-0.00305065,0.00275004,-0.00198225,0.000666957,0.00120783,-0.00353518,0.00604118,-0.00826093,0.00956851,-0.00929107,0.00692206,-0.00240888,-0.00357116,0.00949912,-0.0132476,0.0127729,-0.00717395,-0.00229167,0.0119263,-0.0167093,0.0128878,-0.00098917,-0.0128678,0.0194229,-0.0124501,-0.00495465,0.0199248,-0.0186331,-0.000341453,0.0206655,-0.0208604,-0.00230262,0.0246481,-0.018012,-0.0128437,0.0282836,-0.00371002,-0.0283434,0.0172485,0.0236273,-0.0257475,-0.01941,0.0302212,0.0190363,-0.0315269,-0.0242132,0.0282044,0.0345974,-0.0156412,-0.0447177,-0.0109841,0.0394271,0.0443184,-6.19394e-05,-0.0469093,-0.0547086,-0.0208088,0.0284708,0.065509,0.0784763,0.0710611,0.0535693,0.0351021,0.0204864,0.0108179,0.00522587,0.00232854,0.00096315,0.000371723,0.00013443,4.57154e-05,1.46633e-05,4.44708e-06,1.27535e-06,3.35681e-07,7.90933e-08,1.78033e-08,3.83361e-09,7.90676e-10,1.56373e-10,2.96859e-11,5.41467e-12,9.49745e-13,1.60326e-13,2.60668e-14,4.08467e-15,6.17295e-16,9.00233e-17,1.26761e-17,1.72431e-18,2.26699e-19,2.88148e-20,3.49575e-21,0
270,0.000510491,0.000838412,0.000789966,0.000396135,-0.000161479,-0.000634102,-0.000816529,-0.000635975,-0.000180672,0.000342806,0.000703036,0.000745845,0.000460059,-2.10214e-05,-0.000481547,-0.000719768,-0.000636236,-0.000275068,0.000198733,0.000574468,0.000689277,0.000498558,9.29084e-05,-0.000344669,-0.000621164,-0.000618556,-0.000344015,7.59432e-05,0.000453598,0.000623803,0.000516071,0.000183569,-0.00022283,-0.000522875,-0.000586767,-0.000391191,-2.74055e-05,0.000341188,0.00055233,0.000516229,0.000253619,-0.000115526,-0.000426694,-0.000544056,-0.000419661,-0.000112854,0.000237872,0.0004773,0.000502099,0.000305326,-2.23021e-05,-0.000334133,-0.000493141,-0.000432067,-0.000181763,0.000144156,0.000400798,0.000476345,0.000340698,5.72943e-05,-0.000246454,-0.000436379,-0.000430755,-0.000235393,6.0409e-05,0.000324614,0.000441326,0.00036157,0.000123752,-0.000164709,-0.000375843,-0.00041785,-0.000274956,-1.31337e-05,0.00025029,0.00039916,0.000369661,0.000177618,-8.97452e-05,-0.000313363,-0.000395312,-0.000301648,-7.63766e-05,0.000179143,0.000351763,0.000366607,0.000219507,-2.22251e-05,-0.000250553,-0.000364961,-0.000316664,-0.000129361,0.000112285,0.000300875,0.000353976,0.000250114,3.73685e-05,-0.000188836,-0.000328496,-0.000321209,-0.000172261,0.000642196,-0.00105341,0.00136436,-0.00152411,0.00147195,-0.00114126,0.000469226,0.000586041,-0.00202089,0.00375598,-0.00560682,0.00726632,-0.0083156,0.00828159,-0.00675445,0.00356106,0.00103997,-0.00621626,0.0105801,-0.0124729,0.0105511,-0.00455717,-0.00404793,0.0120593,-0.0155126,0.011647,-0.00107478,-0.0112969,0.0179977,-0.0134566,-0.00107332,0.0162038,-0.0197347,0.00673678,0.0135168,-0.022554,0.00947219,0.0148295,-0.0243174,0.00559953,0.0215598,-0.0223631,-0.00768535,0.0287415,-0.00761069,-0.0270783,0.0190618,0.022629,-0.0259504,-0.0196823,0.02931,0.0208002,-0.0293915,-0.0270588,0.0240993,0.0371367,-0.00891781,-0.0441028,-0.0188563,0.0325804,0.0474247,0.0106925,-0.0386865,-0.0564349,-0.0314851,0.0154998,0.0565656,0.0759941,0.0738214,0.0588374,0.0405024,0.024754,0.0136661,0.00689657,0.00320923,0.00138631,0.000558871,0.000211114,7.47779e-05,2.42113e-05,6.93532e-06,1.88901e-06,4.90197e-07,1.21403e-07,2.87396e-08,6.51226e-09,1.41427e-09,2.94697e-10,5.8982e-11,1.13496e-11,2.10157e-12,3.74767e-13,6.44113e-14,1.06771e-14,1.7081e-15,2.6388e-16,3.93761e-17,5.57717e-18,0
280,0.000703036,0.000745845,0.000460059,-2.10214e-05,-0.000481547,-0.000719768,-0.000636236,-0.000275068,0.000198733,0.000574468,0.000689277,0.000498558,9.29084e-05,-0.000344669,-0.000621164,-0.000618556,-0.000344015,7.59432e-05,0.000453598,0.000623803,0.000516071,0.000183569,-0.00022283,-0.000522875,-0.000586767,-0.000391191,-2.74055e-05,0.000341188,0.00055233,0.000516229,0.000253619,-0.000115526,-0.000426694,-0.000544056,-0.000419661,-0.000112854,0.000237872,0.0004773,0.000502099,0.000305326,-2.23021e-05,-0.000334133,-0.000493141,-0.000432067,-0.000181763,0.000144156,0.000400798,0.000476345,0.000340698,5.72943e-05,-0.000246454,-0.000436379,-0.000430755,-0.000235393,6.0409e-05,0.000324614,0.000441326,0.00036157,0.000123752,-0.000164709,-0.000375843,-0.00041785,-0.000274956,-1.31337e-05,0.00025029,0.00039916,0.000369661,0.000177618,-8.97452e-05,-0.000313363,-0.000395312,-0.000301648,-7.63766e-05,0.000179143,0.000351763,0.000366607,0.000219507,-2.22251e-05,-0.000250553,-0.000364961,-0.000316664,-0.000129361,0.000112285,0.000300875,0.000353976,0.000250114,3.73685e-05,-0.000188836,-0.000328496,-0.000321209,-0.000172261,5.06318e-05,0.000248074,0.000333285,0.000270207,8.87232e-05,-0.000129445,-0.000287503,-0.0003165,-0.000205382,-5.08294e-06,0.000191322,-0.000310213,0.00031723,-0.000166563,-0.000186223,0.000778016,-0.00162773,0.0027216,-0.00399544,0.0053174,-0.0064773,0.00719169,-0.00713536,0.00600815,-0.0036387,0.000111279,0.00411977,-0.00818683,0.0109075,-0.0110772,0.0079453,-0.00175243,-0.00591938,0.0122989,-0.014304,0.0100478,-0.000377435,-0.0105686,0.0167225,-0.0134107,0.00111439,0.0131401,-0.0191182,0.0107813,0.00718028,-0.020421,0.0159255,0.00445559,-0.0218804,0.0169775,0.00762836,-0.0249325,0.0121772,0.0175238,-0.0251116,-0.00305278,0.0284928,-0.010636,-0.0259008,0.0202321,0.0220489,-0.0257653,-0.0203686,0.0280691,0.0227847,-0.0268161,-0.0297505,0.0194678,0.0389319,-0.00197006,-0.0421728,-0.0259249,0.0247029,0.048512,0.0205657,-0.0291678,-0.0556705,-0.0403082,0.00268801,0.0463408,0.0717649,0.075231,0.0634897,0.04591,0.029359,0.016924,0.00890694,0.00431708,0.00193345,0.000786195,0.000278076,9.28164e-05,2.93254e-05,8.79348e-06,2.50821e-06,6.81903e-07,1.77013e-07,4.39434e-08,1.04474e-08,2.38178e-09,5.21291e-10,1.0965e-10,2.21872e-11,4.32273e-12,8.11579e-13,1.46942e-13,2.56595e-14,4.22136e-15,0
290,0.000689277,0.000498558,9.29084e-05,-0.000344669,-0.000621164,-0.000618556,-0.000344015,7.59432e-05,0.000453598,0.000623803,0.000516071,0.000183569,-0.00022283,-0.000522875,-0.000586767,-0.000391191,-2.74055e-05,0.000341188,0.00055233,0.000516229,0.000253619,-0.000115526,-0.000426694,-0.000544056,-0.000419661,-0.000112854,0.000237872,0.0004773,0.000502099,0.000305326,-2.23021e-05,-0.000334133,-0.000493141,-0.000432067,-0.000181763,0.000144156,0.000400798,0.000476345,0.000340698,5.72943e-05,-0.000246454,-0.000436379,-0.000430755,-0.000235393,6.0409e-05,0.000324614,0.000441326,0.00036157,0.000123752,-0.000164709,-0.000375843,-0.00041785,-0.000274956,-1.31337e-05,0.00025029,0.00039916,0.000369661,0.000177618,-8.97452e-05,-0.000313363,-0.000395312,-0.000301648,-7.63766e-05,0.000179143,0.000351763,0.000366607,0.000219507,-2.22251e-05,-0.000250553,-0.000364961,-0.000316664,-0.000129361,0.000112285,0.000300875,0.000353976,0.000250114,3.73685e-05,-0.000188836,-0.000328496,-0.000321209,-0.000172261,5.06318e-05,0.000248074,0.000333285,0.000270207,8.87232e-05,-0.000129445,-0.000287503,-0.0003165,-0.000205382,-5.08294e-06,0.000194783,0.000305992,0.000280626,0.000131689,-7.34391e-05,-0.000243458,-0.000303761,-0.000229146,-5.43044e-05,0.000142272,-0.000249256,0.000414583,-0.000675035,0.00106244,-0.0015994,0.00229275,-0.00312474,0.00404281,-0.00494989,0.00569888,-0.00609636,0.00592159,-0.00496658,0.00309897,-0.000342361,-0.00304329,0.00651269,-0.00925986,0.0103575,-0.00902772,0.00500844,0.00109915,-0.0076869,0.0124037,-0.0129323,0.00814136,0.0008542,-0.0104393,0.0156591,-0.0127638,0.0020461,0.0109956,-0.017903,0.0127167,0.00250886,-0.0170403,0.0184157,-0.00350783,-0.0158752,0.0210655,-0.00474507,-0.0179643,0.0217167,0.00037244,-0.0235219,0.0172454,0.0132103,-0.0266396,0.00090253,0.0278704,-0.0128999,-0.024929,0.0208833,0.0218635,-0.0252391,-0.0213878,0.0264872,0.0248799,-0.0237897,-0.0321527,0.0143754,0.0398654,0.00500469,-0.0389602,-0.0319424,0.0161044,0.0475929,0.0291881,-0.0188006,-0.0525635,-0.0470296,-0.00953402,0.0351586,0.0658634,0.0751562,0.0673081,0.0511159,0.0341139,0.0203593,0.010859,0.00489593,0.00205426,0.000806704,0.00029785,0.000103787,3.42389e-05,1.07228e-05,3.19533e-06,9.07897e-07,2.46407e-07,6.3983e-08,1.59183e-08,3.79941e-09,8.71032e-10,1.92008e-10,4.07365e-11,8.31655e-12,1.58367e-12,0
300,0.000516071,0.000183569,-0.00022283,-0.000522875,-0.000586767,-0.000391191,-2.74055e-05,0.000341188,0.00055233,0.000516229,0.000253619,-0.000115526,-0.000426694,-0.000544056,-0.000419661,-0.000112854,0.000237872,0.0004773,0.000502099,0.000305326,-2.23021e-05,-0.000334133,-0.000493141,-0.000432067,-0.000181763,0.000144156,0.000400798,0.000476345,0.000340698,5.72943e-05,-0.000246454,-0.000436379,-0.000430755,-0.000235393,6.0409e-05,0.000324614,0.000441326,0.00036157,0.000123752,-0.000164709,-0.000375843,-0.00041785,-0.000274956,-1.31337e-05,0.00025029,0.00039916,0.000369661,0.000177618,-8.97452e-05,-0.000313363,-0.000395312,-0.000301648,-7.63766e-05,0.000179143,0.000351763,0.000366607,0.000219507,-2.22251e-05,-0.000250553,-0.000364961,-0.000316664,-0.000129361,0.000112285,0.000300875,0.000353976,0.000250114,3.73685e-05,-0.000188836,-0.000328496,-0.000321209,-0.000172261,5.06318e-05,0.000248074,0.000333285,0.000270207,8.87232e-05,-0.000129445,-0.000287503,-0.0003165,-0.000205382,-5.08294e-06,0.000194783,0.000305992,0.000280626,0.000131689,-7.34391e-05,-0.000243458,-0.000303761,-0.000229146,-5.43044e-05,0.000142272,0.000273503,0.000282275,0.000166271,-2.1702e-05,-0.000197726,-0.000284213,-0.000244088,-9.66474e-05,9.16593e-05,0.000237158,-0.000576258,0.000952612,-0.00138832,0.00189704,-0.00247945,0.00311774,-0.00376978,0.00436392,-0.00479672,0.0049364,-0.00463558,0.00375647,-0.00221006,6.81117e-06,0.00269005,-0.00552547,0.00795245,-0.00929771,0.00891219,-0.00640061,0.00188299,0.00380931,-0.00913633,0.0121722,-0.0112759,0.00595728,0.0024311,-0.0106763,0.0147384,-0.0117385,0.0020771,0.0097176,-0.0166476,0.0133487,-0.000528869,-0.0137762,0.018615,-0.00864378,-0.0095579,0.0204992,-0.0127211,-0.00836961,0.022181,-0.012526,-0.0122478,0.0239064,-0.00616238,-0.0208578,0.0209003,0.00904481,-0.0273064,0.00415284,0.0271068,-0.0145194,-0.0242202,0.0211054,0.0220315,-0.0243951,-0.0226573,0.0245506,0.0269767,-0.0203181,-0.034138,0.00891463,0.0398492,0.0117957,-0.0345498,-0.0366981,0.00712089,0.0447573,0.0362469,-0.00805962,-0.047372,-0.0515468,-0.0208973,0.0231058,0.057916,0.0726411,0.0687619,0.0541391,0.0336012,0.0187573,0.00956134,0.00449742,0.00196734,0.000805134,0.000309749,0.000112462,3.86618e-05,1.26196e-05,3.92048e-06,1.16165e-06,3.28893e-07,8.91227e-08,2.31481e-08,5.76989e-09,1.37918e-09,3.03415e-10,0
310,0.000253619,-0.000115526,-0.000426694,-0.000544056,-0.000419661,-0.000112854,0.000237872,0.0004773,0.000502099,0.000305326,-2.23021e-05,-0.000334133,-0.000493141,-0.000432067,-0.000181763,0.000144156,0.000400798,0.000476345,0.000340698,5.72943e-05,-0.000246454,-0.000436379,-0.000430755,-0.000235393,6.0409e-05,0.000324614,0.000441326,0.00036157,0.000123752,-0.000164709,-0.000375843,-0.00041785,-0.000274956,-1.31337e-05,0.00025029,0.00039916,0.000369661,0.000177618,-8.97452e-05,-0.000313363,-0.000395312,-0.000301648,-7.63766e-05,0.000179143,0.000351763,0.000366607,0.000219507,-2.22251e-05,-0.000250553,-0.000364961,-0.000316664,-0.000129361,0.000112285,0.000300875,0.000353976,0.000250114,3.73685e-05,-0.000188836,-0.000328496,-0.000321209,-0.000172261,5.06318e-05,0.000248074,0.000333285,0.000270207,8.87232e-05,-0.000129445,-0.000287503,-0.0003165,-0.000205382,-5.08294e-06,0.000194783,0.000305992,0.000280626,0.000131689,-7.34391e-05,-0.000243458,-0.000303761,-0.000229146,-5.43044e-05,0.000142272,0.000273503,0.000282275,0.000166271,-2.1702e-05,-0.000197726,-0.000284213,-0.000244088,-9.66474e-05,9.16593e-05,0.000237158,0.000276111,0.000192617,2.50494e-05,-0.000151553,-0.00025907,-0.000250841,-0.000131889,4.39139e-05,0.000198226,0.000263129,-0.000725202,0.00119851,-0.00168809,0.00218986,-0.00268685,0.00314565,-0.00351372,0.00371892,-0.00367273,0.00327933,-0.0024522,0.00113912,0.000645645,-0.00278696,0.00504149,-0.00703178,0.00827831,-0.00828414,0.00667517,-0.00337795,-0.00121332,0.00615817,-0.0100692,0.0114517,-0.00926333,0.00354189,0.00418714,-0.0110664,0.0138409,-0.0104254,0.00146163,0.00914548,-0.0155689,0.0132202,-0.00224491,-0.0111823,0.0177595,-0.0115153,-0.00434852,0.0178042,-0.0166482,6.41298e-05,0.0177707,-0.0188436,-1.02503e-05,0.0201198,-0.0182015,-0.00590378,0.024069,-0.0116194,-0.0175585,0.0233666,0.00526698,-0.027412,0.00673554,0.0263551,-0.015598,-0.0237919,0.0209601,0.0225014,-0.023242,-0.0240938,0.0222489,0.0289674,-0.0164261,-0.0355911,0.00319991,0.0388227,0.0181722,-0.0291127,-0.0401115,-0.0020751,0.0398249,0.0408844,0.00157846,-0.0418828,-0.0556578,-0.0329454,0.00934498,0.048563,0.0603196,0.0544617,0.0407165,0.0265374,0.0154942,0.00824126,0.00403925,0.00183952,0.000783362,0.000313516,0.000118405,4.2342e-05,1.43784e-05,4.64797e-06,1.43336e-06,4.22387e-07,1.18728e-07,3.01691e-08,0
320,-2.23021e-05,-0.000334133,-0.000493141,-0.000432067,-0.000181763,0.000144156,0.000400798,0.000476345,0.000340698,5.72943e-05,-0.000246454,-0.000436379,-0.000430755,-0.000235393,6.0409e-05,0.000324614,0.000441326,0.00036157,0.000123752,-0.000164709,-0.000375843,-0.00041785,-0.000274956,-1.31337e-05,0.00025029,0.00039916,0.000369661,0.000177618,-8.97452e-05,-0.000313363,-0.000395312,-0.000301648,-7.63766e-05,0.000179143,0.000351763,0.000366607,0.000219507,-2.22251e-05,-0.000250553,-0.000364961,-0.000316664,-0.000129361,0.000112285,0.000300875,0.000353976,0.000250114,3.73685e-05,-0.000188836,-0.000328496,-0.000321209,-0.000172261,5.06318e-05,0.000248074,0.000333285,0.000270207,8.87232e-05,-0.000129445,-0.000287503,-0.0003165,-0.000205382,-5.08294e-06,0.000194783,0.000305992,0.000280626,0.000131689,-7.34391e-05,-0.000243458,-0.000303761,-0.000229146,-5.43044e-05,0.000142272,0.000273503,0.000282275,0.000166271,-2.1702e-05,-0.000197726,-0.000284213,-0.000244088,-9.66474e-05,9.16593e-05,0.000237158,0.000276111,0.000192617,2.50494e-05,-0.000151553,-0.00025907,-0.000250841,-0.000131889,4.39139e-05,0.000198226,0.000263129,0.000211006,6.62627e-05,-0.000106067,-0.000229521,-0.000250121,-0.000159958,-1.47107e-07,0.000157895,0.000244354,0.000221842,-0.000680735,0.00112682,-0.00154995,0.00193244,-0.00224673,0.00245391,-0.002504,0.00233877,-0.00189835,0.00113241,-1.64595e-05,-0.00142772,0.0031102,-0.0048552,0.00639571,-0.00739068,0.00747445,-0.00634289,0.0038698,-0.000229872,-0.0040147,0.00792157,-0.0103234,0.0101526,-0.00688693,0.000978264,0.00595763,-0.0114149,0.0128371,-0.00885087,0.000379116,0.00909668,-0.014699,0.0126455,-0.0029683,-0.00938431,0.0165854,-0.0128472,-0.000591249,0.0146056,-0.0178347,0.00612234,0.0118931,-0.0200392,0.00910978,0.0118873,-0.0215298,0.00771275,0.0159764,-0.0216952,0.000264515,0.0227953,-0.0159204,-0.0140693,0.024905,0.00198943,-0.0271877,0.00871627,0.0257092,-0.0162204,-0.0236366,0.0204869,0.0232143,-0.0217836,-0.0256224,0.0195565,0.0306951,-0.0122705,-0.0366384,-0.00305823,0.036032,0.0227718,-0.0244277,-0.043968,-0.0128708,0.0322474,0.0440866,0.013459,-0.0301021,-0.0516558,-0.0326646,8.14907e-05,0.0266944,0.0387426,0.0378965,0.0300403,0.0205687,0.0125559,0.00696319,0.00355244,0.00168226,0.000744456,0.000309504,0.000121403,4.50854e-05,1.58908e-05,5.29664e-06,1.55718e-06,0
330,-0.000246454,-0.000436379,-0.000430755,-0.000235393,6.0409e-05,0.000324614,0.000441326,0.00036157,0.000123752,-0.000164709,-0.000375843,-0.00041785,-0.000274956,-1.31337e-05,0.00025029,0.00039916,0.000369661,0.000177618,-8.97452e-05,-0.000313363,-0.000395312,-0.000301648,-7.63766e-05,0.000179143,0.000351763,0.000366607,0.000219507,-2.22251e-05,-0.000250553,-0.000364961,-0.000316664,-0.000129361,0.000112285,0.000300875,0.000353976,0.000250114,3.73685e-05,-0.000188836,-0.000328496,-0.000321209,-0.000172261,5.06318e-05,0.000248074,0.000333285,0.000270207,8.87232e-05,-0.000129445,-0.000287503,-0.0003165,-0.000205382,-5.08294e-06,0.000194783,0.000305992,0.000280626,0.000131689,-7.34391e-05,-0.000243458,-0.000303761,-0.000229146,-5.43044e-05,0.000142272,0.000273503,0.000282275,0.000166271,-2.1702e-05,-0.000197726,-0.000284213,-0.000244088,-9.66474e-05,9.16593e-05,0.000237158,0.000276111,0.000192617,2.50494e-05,-0.000151553,-0.00025907,-0.000250841,-0.000131889,4.39139e-05,0.000198226,0.000263129,0.000211006,6.62627e-05,-0.000106067,-0.000229521,-0.000250121,-0.000159958,-1.47107e-07,0.000157895,0.000244354,0.000221842,0.000101545,-6.22707e-05,-0.000196721,-0.000242719,-0.000180928,-3.9857e-05,0.000117266,0.00022082,0.00022563,0.000130654,-0.000474755,0.000789218,-0.00105367,0.00124319,-0.00132749,0.0012714,-0.00103715,0.000589089,9.86998e-05,-0.00103178,0.00218239,-0.00347589,0.0047799,-0.00590107,0.00659575,-0.00660044,0.00568594,-0.0037329,0.000817065,0.00271944,-0.00624554,0.00890567,-0.0097982,0.00826173,-0.00420983,-0.00160683,0.00757175,-0.0115465,0.0116116,-0.00702203,-0.00103336,0.00939424,-0.0139788,0.0117807,-0.00296126,-0.0083203,0.0154614,-0.0132255,0.00184153,0.0117297,-0.0175102,0.00990934,0.00642767,-0.0183335,0.014419,0.00343848,-0.0190541,0.0159437,0.00458255,-0.021215,0.0139734,0.0107567,-0.0232731,0.00579033,0.0206195,-0.0191475,-0.0106833,0.0257616,-0.000755706,-0.0268048,0.0101622,0.0252074,-0.0164832,-0.0238009,0.0195628,0.0238226,-0.0205357,-0.0280169,0.015196,0.0303655,-0.00978199,-0.0386862,-0.00996715,0.0333852,0.029962,-0.0138411,-0.0405159,-0.0185909,0.0253049,0.0444504,0.0180852,-0.0169765,-0.0333964,-0.0259737,-0.00582969,0.0133718,0.0240896,0.0257954,0.0217473,0.0156562,0.00999126,0.00577389,0.00306355,0.00150691,0.000692004,0.000297931,0.000119487,4.08254e-05,0
340,-0.000375843,-0.00041785,-0.000274956,-1.31337e-05,0.00025029,0.00039916,0.000369661,0.000177618,-8.97452e-05,-0.000313363,-0.000395312,-0.000301648,-7.63766e-05,0.000179143,0.000351763,0.000366607,0.000219507,-2.22251e-05,-0.000250553,-0.000364961,-0.000316664,-0.000129361,0.000112285,0.000300875,0.000353976,0.000250114,3.73685e-05,-0.000188836,-0.000328496,-0.000321209,-0.000172261,5.06318e-05,0.000248074,0.000333285,0.000270207,8.87232e-05,-0.000129445,-0.000287503,-0.0003165,-0.000205382,-5.08294e-06,0.000194783,0.000305992,0.000280626,0.000131689,-7.34391e-05,-0.000243458,-0.000303761,-0.000229146,-5.43044e-05,0.000142272,0.000273503,0.000282275,0.000166271,-2.1702e-05,-0.000197726,-0.000284213,-0.000244088,-9.66474e-05,9.16593e-05,0.000237158,0.000276111,0.000192617,2.50494e-05,-0.000151553,-0.00025907,-0.000250841,-0.000131889,4.39139e-05,0.000198226,0.000263129,0.000211006,6.62627e-05,-0.000106067,-0.000229521,-0.000250121,-0.000159958,-1.47107e-07,0.000157895,0.000244354,0.000221842,0.000101545,-6.22707e-05,-0.000196721,-0.000242719,-0.000180928,-3.9857e-05,0.000117266,0.00022082,0.00022563,0.000130654,-2.10369e-05,-0.000161777,-0.000229477,-0.000195004,-7.46979e-05,7.73384e-05,0.000193559,0.00022297,0.000153495,1.68943e-05,-0.000173965,0.000294467,-0.000354257,0.000328007,-0.000189774,-8.52146e-05,0.000517214,-0.00111685,0.00187827,-0.00277106,0.00373207,-0.00465929,0.00541065,-0.00581166,0.0056754,-0.00483765,0.00320619,-0.000818442,-0.00210599,0.00513844,-0.00766496,0.0089828,-0.00847655,0.00585185,-0.00136536,-0.00404724,0.00885651,-0.0113124,0.0100796,-0.00495519,-0.00265456,0.00987167,-0.0133095,0.0106864,-0.00241211,-0.00786214,0.0145294,-0.0130412,0.00321457,0.00949677,-0.0165332,0.0119744,0.00210665,-0.0154715,0.0167102,-0.0033074,-0.0140144,0.0189722,-0.00521786,-0.0148347,0.0199491,-0.00276654,-0.0186754,0.0184733,0.005237,-0.023346,0.0104588,0.0179612,-0.0214774,-0.00761962,0.026053,-0.00317001,-0.0267357,0.0105234,0.0238876,-0.017842,-0.0260043,0.0164239,0.0230977,-0.019169,-0.0285398,0.0144721,0.0351316,-0.0015465,-0.0361462,-0.0156013,0.0282896,0.033049,-0.00664225,-0.0393491,-0.0211441,0.0140013,0.0292599,0.0168066,-0.00625019,-0.0205776,-0.0193449,-0.00764377,0.00563685,0.0144043,0.0171527,0.0154468,0.0117078,0.0078108,0.00469682,0.00257567,0.00127668,0.000511823,0
350,-0.000395312,-0.000301648,-7.63766e-05,0.000179143,0.000351763,0.000366607,0.000219507,-2.22251e-05,-0.000250553,-0.000364961,-0.000316664,-0.000129361,0.000112285,0.000300875,0.000353976,0.000250114,3.73685e-05,-0.000188836,-0.000328496,-0.000321209,-0.000172261,5.06318e-05,0.000248074,0.000333285,0.000270207,8.87232e-05,-0.000129445,-0.000287503,-0.0003165,-0.000205382,-5.08294e-06,0.000194783,0.000305992,0.000280626,0.000131689,-7.34391e-05,-0.000243458,-0.000303761,-0.000229146,-5.43044e-05,0.000142272,0.000273503,0.000282275,0.000166271,-2.1702e-05,-0.000197726,-0.000284213,-0.000244088,-9.66474e-05,9.16593e-05,0.000237158,0.000276111,0.000192617,2.50494e-05,-0.000151553,-0.00025907,-0.000250841,-0.000131889,4.39139e-05,0.000198226,0.000263129,0.000211006,6.62627e-05,-0.000106067,-0.000229521,-0.000250121,-0.000159958,-1.47107e-07,0.000157895,0.000244354,0.000221842,0.000101545,-6.22707e-05,-0.000196721,-0.000242719,-0.000180928,-3.9857e-05,0.000117266,0.00022082,0.00022563,0.000130654,-2.10369e-05,-0.000161777,-0.000229477,-0.000195004,-7.46979e-05,7.73384e-05,0.000193559,0.00022297,0.000153495,1.68943e-05,-0.000125735,-0.000211276,-0.00020251,-0.000104298,3.90079e-05,0.000163581,0.000214538,0.000170109,5.09173e-05,-8.95708e-05,0.000139289,-0.000222622,0.000361218,-0.000575005,0.000880677,-0.00128928,0.00180277,-0.0024097,0.00308027,-0.00376171,0.00437519,-0.00481614,0.0049603,-0.00467764,0.00385585,-0.00243299,0.000436001,0.0019826,-0.00452216,0.00674134,-0.00811105,0.00812197,-0.00644013,0.00308109,0.00145352,-0.00615177,0.00964979,-0.0106009,0.00819929,-0.00269376,-0.00436169,0.0103716,-0.0125803,0.00937416,-0.00145405,-0.0078681,0.013804,-0.0125218,0.00378353,0.0079614,-0.0154088,0.0128864,-0.000965182,-0.0125071,0.0170808,-0.00794386,-0.0085971,0.0184989,-0.0117529,-0.00683929,0.0196201,-0.0124714,-0.00876766,0.0212197,-0.00927649,-0.0147591,0.0212019,-0.000181008,-0.0225808,0.0137956,0.0144099,-0.0242004,-0.00648391,0.0241737,-0.00691233,-0.0278217,0.0108329,0.0251735,-0.0144031,-0.0227337,0.018192,0.0255399,-0.0172219,-0.031048,0.00994509,0.0355155,0.00319719,-0.035198,-0.0208768,0.0246836,0.0296576,-0.00090538,-0.0240512,-0.0174358,0.0048786,0.0183767,0.01377,-0.000665411,-0.0119926,-0.0136821,-0.00739041,0.00142352,0.00817083,0.0110711,0.0106475,0.00834455,0.00544404,0.00262438,0
360,-0.000316664,-0.000129361,0.000112285,0.000300875,0.000353976,0.000250114,3.73685e-05,-0.000188836,-0.000328496,-0.000321209,-0.000172261,5.06318e-05,0.000248074,0.000333285,0.000270207,8.87232e-05,-0.000129445,-0.000287503,-0.0003165,-0.000205382,-5.08294e-06,0.000194783,0.000305992,0.000280626,0.000131689,-7.34391e-05,-0.000243458,-0.000303761,-0.000229146,-5.43044e-05,0.000142272,0.000273503,0.000282275,0.000166271,-2.1702e-05,-0.000197726,-0.000284213,-0.000244088,-9.66474e-05,9.16593e-05,0.000237158,0.000276111,0.000192617,2.50494e-05,-0.000151553,-0.00025907,-0.000250841,-0.000131889,4.39139e-05,0.000198226,0.000263129,0.000211006,6.62627e-05,-0.000106067,-0.000229521,-0.000250121,-0.000159958,-1.47107e-07,0.000157895,0.000244354,0.000221842,0.000101545,-6.22707e-05,-0.000196721,-0.000242719,-0.000180928,-3.9857e-05,0.000117266,0.00022082,0.00022563,0.000130654,-2.10369e-05,-0.000161777,-0.000229477,-0.000195004,-7.46979e-05,7.73384e-05,0.000193559,0.00022297,0.000153495,1.68943e-05,-0.000125735,-0.000211276,-0.00020251,-0.000104298,3.90079e-05,0.000163581,0.000214538,0.000170109,5.09173e-05,-8.95708e-05,-0.00018902,-0.000203875,-0.000128425,3.05584e-06,0.000131864,0.000201068,0.000180661,8.05611e-05,-5.41742e-05,-0.000163619,0.000387908,-0.000635246,0.000920086,-0.00125327,0.00164011,-0.00207803,0.00255375,-0.00304044,0.00349527,-0.00385822,0.00405329,-0.00399356,0.00359132,-0.00277415,0.00150686,0.000182874,-0.00217973,0.00426433,-0.00611507,0.0073386,-0.00753648,0.00640737,-0.00387069,0.000180855,0.00401484,-0.00772668,0.00981925,-0.00935042,0.00598201,-0.000317576,-0.00602201,0.0107456,-0.011686,0.00783738,-0.000188289,-0.00820007,0.0132339,-0.0117803,0.00374893,0.00706013,-0.0143897,0.0130849,-0.00294595,-0.0099576,0.0164416,-0.0107623,-0.00389747,0.0162335,-0.015199,0.000299684,0.0157651,-0.0172943,0.00116174,0.016989,-0.0176737,-0.00237859,0.0197251,-0.0153294,-0.011405,0.0207996,-0.00693664,-0.0227595,0.015568,0.0118461,-0.0233174,-0.000842472,0.027784,-0.00547322,-0.0266361,0.0102687,0.023895,-0.0144508,-0.023458,0.0164004,0.0261725,-0.0143911,-0.0308036,0.00716359,0.0347055,0.00591745,-0.0268726,-0.0168077,0.0123848,0.0203519,0.00315857,-0.0140027,-0.0132575,0.000246398,0.0109571,0.0104065,0.00182026,-0.0066072,-0.00948165,-0.0067432,-0.00160524,0.00256821,0.00403297,0.0028028,0
370,-0.000172261,5.06318e-05,0.000248074,0.000333285,0.000270207,8.87232e-05,-0.000129445,-0.000287503,-0.0003165,-0.000205382,-5.08294e-06,0.000194783,0.000305992,0.000280626,0.000131689,-7.34391e-05,-0.000243458,-0.000303761,-0.000229146,-5.43044e-05,0.000142272,0.000273503,0.000282275,0.000166271,-2.1702e-05,-0.000197726,-0.000284213,-0.000244088,-9.66474e-05,9.16593e-05,0.000237158,0.000276111,0.000192617,2.50494e-05,-0.000151553,-0.00025907,-0.000250841,-0.000131889,4.39139e-05,0.000198226,0.000263129,0.000211006,6.62627e-05,-0.000106067,-0.000229521,-0.000250121,-0.000159958,-1.47107e-07,0.000157895,0.000244354,0.000221842,0.000101545,-6.22707e-05,-0.000196721,-0.000242719,-0.000180928,-3.9857e-05,0.000117266,0.00022082,0.00022563,0.000130654,-2.10369e-05,-0.000161777,-0.000229477,-0.000195004,-7.46979e-05,7.73384e-05,0.000193559,0.00022297,0.000153495,1.68943e-05,-0.000125735,-0.000211276,-0.00020251,-0.000104298,3.90079e-05,0.000163581,0.000214538,0.000170109,5.09173e-05,-8.95708e-05,-0.00018902,-0.000203875,-0.000128425,3.05584e-06,0.000131864,0.000201068,0.000180661,8.05611e-05,-5.41742e-05,-0.000163619,-0.000199622,-0.000146984,-2.98538e-05,9.9338e-05,0.000183337,0.000185431,0.000105488,-2.03441e-05,-0.00013597,-0.000190346,0.000517715,-0.000853626,0.00120301,-0.00156654,0.00193881,-0.0023065,0.00264672,-0.00292577,0.00309912,-0.00311298,0.00290853,-0.00242947,0.00163324,-0.000505861,-0.000921055,0.00255403,-0.00422678,0.00570084,-0.0066845,0.00687545,-0.00602822,0.00403975,-0.00103593,-0.00256932,0.00607745,-0.00860367,0.00928334,-0.0075623,0.00349701,0.00205545,-0.00749263,0.0108578,-0.0105388,0.00607383,0.00129618,-0.0087261,0.0127362,-0.0108579,0.00325453,0.00668796,-0.013571,0.0128613,-0.00405966,-0.00801075,0.0154058,-0.0122517,-0.000286166,0.0133795,-0.0164231,0.00561923,0.0106138,-0.0184068,0.00834031,0.00934423,-0.0204128,0.00711792,0.0104868,-0.0223169,0.00232194,0.0163413,-0.0184114,-0.00426848,0.0244713,-0.00746708,-0.0183688,0.0181585,0.00819662,-0.0252544,0.000442392,0.0275735,-0.00650377,-0.0267361,0.0104902,0.0253278,-0.0126117,-0.0252257,0.0124327,0.0270577,-0.00895205,-0.0300532,0.0018895,0.0237044,0.0070518,-0.0155596,-0.0128827,0.00544487,0.0134288,0.004355,-0.00776288,-0.00971472,-0.00219973,0.00533695,0.00601909,0.000395748,-0.00653848,-0.0103904,-0.00978433,-0.00572987,0
380,-5.08294e-06,0.000194783,0.000305992,0.000280626,0.000131689,-7.34391e-05,-0.000243458,-0.000303761,-0.000229146,-5.43044e-05,0.000142272,0.000273503,0.000282275,0.000166271,-2.1702e-05,-0.000197726,-0.000284213,-0.000244088,-9.66474e-05,9.16593e-05,0.000237158,0.000276111,0.000192617,2.50494e-05,-0.000151553,-0.00025907,-0.000250841,-0.000131889,4.39139e-05,0.000198226,0.000263129,0.000211006,6.62627e-05,-0.000106067,-0.000229521,-0.000250121,-0.000159958,-1.47107e-07,0.000157895,0.000244354,0.000221842,0.000101545,-6.22707e-05,-0.000196721,-0.000242719,-0.000180928,-3.9857e-05,0.000117266,0.00022082,0.00022563,0.000130654,-2.10369e-05,-0.000161777,-0.000229477,-0.000195004,-7.46979e-05,7.73384e-05,0.000193559,0.00022297,0.000153495,1.68943e-05,-0.000125735,-0.000211276,-0.00020251,-0.000104298,3.90079e-05,0.000163581,0.000214538,0.000170109,5.09173e-05,-8.95708e-05,-0.00018902,-0.000203875,-0.000128425,3.05584e-06,0.000131864,0.000201068,0.000180661,8.05611e-05,-5.41742e-05,-0.000163619,-0.000199622,-0.000146984,-2.98538e-05,9.9338e-05,0.000183337,0.000185431,0.000105488,-2.03441e-05,-0.00013597,-0.000190346,-0.000160006,-5.91782e-05,6.68715e-05,0.000162149,0.000184801,0.00012549,1.1221e-05,-0.000106946,-0.000176702,-0.00016764,0.000508142,-0.000842757,0.00116712,-0.0014731,0.00174745,-0.00197079,0.00211717,-0.00215439,0.0020457,-0.00175329,0.00124381,-0.000496333,-0.000487624,0.00167296,-0.00298058,0.00428073,-0.00539386,0.00610356,-0.00618496,0.00544993,-0.00380583,0.00131802,0.00174087,-0.00487786,0.00742645,-0.00866898,0.00803038,-0.00530836,0.000870615,0.00427515,-0.00862758,0.0105929,-0.00907992,0.00410042,0.00290826,-0.00931859,0.012216,-0.00975631,0.00240144,0.00673176,-0.0129571,0.0123848,-0.00451235,-0.00668682,0.0143196,-0.012889,0.00219453,0.0105321,-0.0164965,0.0087825,0.00510747,-0.0179093,0.011698,0.000802057,-0.0191652,0.0131379,0.00174036,-0.0183288,0.0156321,0.00834695,-0.0195044,0.00970932,0.012673,-0.0221256,-0.000972494,0.02328,-0.0108056,-0.016214,0.019568,0.00635089,-0.024382,0.00253358,0.0260983,-0.00890826,-0.0263488,0.0125785,0.0266763,-0.0136848,-0.0280671,0.0120623,0.0235744,-0.00515388,-0.0192392,-0.0012804,0.0145031,0.00640384,-0.00882133,-0.0097288,0.00109704,0.00743717,0.00251122,-0.0063153,-0.0095676,-0.00558437,0.000673768,0.00431147,0.00430876,0.00235213,0
390,0.000142272,0.000273503,0.000282275,0.000166271,-2.1702e-05,-0.000197726,-0.000284213,-0.000244088,-9.66474e-05,9.16593e-05,0.000237158,0.000276111,0.000192617,2.50494e-05,-0.000151553,-0.00025907,-0.000250841,-0.000131889,4.39139e-05,0.000198226,0.000263129,0.000211006,6.62627e-05,-0.000106067,-0.000229521,-0.000250121,-0.000159958,-1.47107e-07,0.000157895,0.000244354,0.000221842,0.000101545,-6.22707e-05,-0.000196721,-0.000242719,-0.000180928,-3.9857e-05,0.000117266,0.00022082,0.00022563,0.000130654,-2.10369e-05,-0.000161777,-0.000229477,-0.000195004,-7.46979e-05,7.73384e-05,0.000193559,0.00022297,0.000153495,1.68943e-05,-0.000125735,-0.000211276,-0.00020251,-0.000104298,3.90079e-05,0.000163581,0.000214538,0.000170109,5.09173e-05,-8.95708e-05,-0.00018902,-0.000203875,-0.000128425,3.05584e-06,0.000131864,0.000201068,0.000180661,8.05611e-05,-5.41742e-05,-0.000163619,-0.000199622,-0.000146984,-2.98538e-05,9.9338e-05,0.000183337,0.000185431,0.000105488,-2.03441e-05,-0.00013597,-0.000190346,-0.000160006,-5.91782e-05,6.68715e-05,0.000162149,0.000184801,0.00012549,1.1221e-05,-0.000106946,-0.000176702,-0.00016764,-8.44973e-05,3.52608e-05,0.000138319,0.000179238,0.000140484,3.9929e-05,-7.73796e-05,-0.00015939,-0.000170139,-0.000105513,0.000374064,-0.000625786,0.000849386,-0.00103107,0.00115389,-0.00119766,0.00113941,-0.00095498,0.000621655,-0.000122301,-0.000549128,0.0013809,-0.00233633,0.00334744,-0.0043113,0.00509158,-0.00552806,0.00545636,-0.00473892,0.00330534,-0.0011965,-0.00139803,0.00412393,-0.00648374,0.00790947,-0.00788896,0.00613112,-0.00273133,-0.00172249,0.00617205,-0.00929072,0.00986675,-0.00728822,0.00196279,0.00454638,-0.00985314,0.0115785,-0.00846175,0.0012641,0.00707844,-0.0125102,0.0117224,-0.00449636,-0.00599354,0.0132317,-0.0132355,0.00335547,0.00752989,-0.0166855,0.00962618,-0.000222332,-0.0163292,0.0137701,-0.00386399,-0.0121687,0.0188696,-0.00368953,-0.0118116,0.0178887,-0.00596682,-0.0165706,0.018237,0.00200696,-0.0181808,0.0141149,0.00850641,-0.0228123,0.00428936,0.0222926,-0.0149468,-0.0155918,0.0213318,0.0067717,-0.0238631,0.00126329,0.0241293,-0.00713493,-0.0238055,0.0104297,0.0241104,-0.0100482,-0.0187639,0.00570828,0.0150124,-0.00183043,-0.0126731,-0.00324418,0.00738994,0.0035378,-0.00662576,-0.00857588,-0.00140658,0.0051853,0.00507665,0.000874765,-0.0020846,-0.00207451,-0.000868167,0
400,0.000237158,0.000276111,0.000192617,2.50494e-05,-0.000151553,-0.00025907,-0.000250841,-0.000131889,4.39139e-05,0.000198226,0.000263129,0.000211006,6.62627e-05,-0.000106067,-0.000229521,-0.000250121,-0.000159958,-1.47107e-07,0.000157895,0.000244354,0.000221842,0.000101545,-6.22707e-05,-0.000196721,-0.000242719,-0.000180928,-3.9857e-05,0.000117266,0.00022082,0.00022563,0.000130654,-2.10369e-05,-0.000161777,-0.000229477,-0.000195004,-7.46979e-05,7.73384e-05,0.000193559,0.00022297,0.000153495,1.68943e-05,-0.000125735,-0.000211276,-0.00020251,-0.000104298,3.90079e-05,0.000163581,0.000214538,0.000170109,5.09173e-05,-8.95708e-05,-0.00018902,-0.000203875,-0.000128425,3.05584e-06,0.000131864,0.000201068,0.000180661,8.05611e-05,-5.41742e-05,-0.000163619,-0.000199622,-0.000146984,-2.98538e-05,9.9338e-05,0.000183337,0.000185431,0.000105488,-2.03441e-05,-0.00013597,-0.000190346,-0.000160006,-5.91782e-05,6.68715e-05,0.000162149,0.000184801,0.00012549,1.1221e-05,-0.000106946,-0.000176702,-0.00016764,-8.44973e-05,3.52608e-05,0.000138319,0.000179238,0.000140484,3.9929e-05,-7.73796e-05,-0.00015939,-0.000170139,-0.000105513,5.21949e-06,0.000112652,0.000169281,0.000150504,6.52978e-05,-4.80493e-05,-0.000139136,-0.000167855,-0.000122045,-2.26293e-05,0.00015912,-0.000273433,0.000350991,-0.000376338,0.000333212,-0.000205125,-2.3398e-05,0.000364766,-0.000825401,0.00140198,-0.00207709,0.00281479,-0.003557,0.00422192,-0.00470614,0.00489205,-0.00466208,0.00392034,-0.00262049,0.000796406,0.00141081,-0.003739,0.00581512,-0.00719935,0.00746765,-0.00632679,0.00374125,-3.54525e-05,-0.00407619,0.00757647,-0.0093724,0.00863797,-0.00518815,-0.000260329,0.00609533,-0.0102119,0.0107346,-0.00697063,-0.000113899,0.00757696,-0.0122468,0.0107453,-0.00438451,-0.00623528,0.0116872,-0.0140785,0.00298868,0.00461119,-0.0163294,0.0109912,-0.00161728,-0.0107239,0.017485,-0.00583766,-0.00729147,0.0161588,-0.0125916,-0.00688574,0.018129,-0.0106279,-0.00543987,0.0184869,-0.0121722,-0.0112784,0.0210565,-0.00360019,-0.0172684,0.0160733,0.00526875,-0.0208373,0.00818695,0.0181991,-0.0185187,-0.0113092,0.0243793,0.00340151,-0.0266503,0.00341837,0.0269264,-0.00838836,-0.0204347,0.00707866,0.0147644,-0.00576884,-0.0129625,0.00120139,0.00826621,-0.0011053,-0.008226,-0.0022287,0.00629401,0.00576493,-0.000981891,-0.0046693,-0.00255483,0.00105648,0.00233308,0.00144966,0
410,0.000263129,0.000211006,6.62627e-05,-0.000106067,-0.000229521,-0.000250121,-0.000159958,-1.47107e-07,0.000157895,0.000244354,0.000221842,0.000101545,-6.22707e-05,-0.000196721,-0.000242719,-0.000180928,-3.9857e-05,0.000117266,0.00022082,0.00022563,0.000130654,-2.10369e-05,-0.000161777,-0.000229477,-0.000195004,-7.46979e-05,7.73384e-05,0.000193559,0.00022297,0.000153495,1.68943e-05,-0.000125735,-0.000211276,-0.00020251,-0.000104298,3.90079e-05,0.000163581,0.000214538,0.000170109,5.09173e-05,-8.95708e-05,-0.00018902,-0.000203875,-0.000128425,3.05584e-06,0.000131864,0.000201068,0.000180661,8.05611e-05,-5.41742e-05,-0.000163619,-0.000199622,-0.000146984,-2.98538e-05,9.9338e-05,0.000183337,0.000185431,0.000105488,-2.03441e-05,-0.00013597,-0.000190346,-0.000160006,-5.91782e-05,6.68715e-05,0.000162149,0.000184801,0.00012549,1.1221e-05,-0.000106946,-0.000176702,-0.00016764,-8.44973e-05,3.52608e-05,0.000138319,0.000179238,0.000140484,3.9929e-05,-7.73796e-05,-0.00015939,-0.000170139,-0.000105513,5.21949e-06,0.000112652,0.000169281,0.000150504,6.52978e-05,-4.80493e-05,-0.000139136,-0.000167855,-0.000122045,-2.26293e-05,8.59348e-05,0.000155528,0.000155693,8.69574e-05,-1.96689e-05,-0.000116675,-0.000161217,-0.000134031,-4.77593e-05,5.89168e-05,-7.72062e-05,0.000116923,-0.00019201,0.000315751,-0.000500148,0.000754886,-0.00108581,0.00149289,-0.00196773,0.00249087,-0.00302922,0.00353425,-0.00394177,0.00417432,-0.00414719,0.00377897,-0.00300687,0.0018061,-0.000210999,-0.00166625,0.00362534,-0.00538331,0.0066026,-0.00694579,0.00615522,-0.00414608,0.00109126,0.00253331,-0.00597718,0.00834159,-0.00880773,0.00691775,-0.00285564,-0.00246359,0.00741685,-0.0103142,0.0095601,-0.00539009,-0.00185265,0.00782427,-0.012515,0.00891543,-0.00477543,-0.00757411,0.0100842,-0.0140696,0.00402633,0.0054648,-0.0122674,0.0144545,-0.00197828,-0.00879485,0.0142819,-0.0117399,-0.0043454,0.0157175,-0.0125217,0.00129436,0.0135011,-0.0175648,0.00145508,0.0161039,-0.0153616,-0.000230545,0.0157175,-0.0156622,-0.00384025,0.021087,-0.0109623,-0.0151704,0.0205889,0.00324805,-0.0223612,0.00870198,0.0179542,-0.0173662,-0.0108494,0.021847,0.00329903,-0.0241688,0.00297849,0.0164096,-0.00540448,-0.0134667,0.0030665,0.00929789,-0.00206036,-0.00670209,0.00187723,0.00668775,0.000376278,-0.00588718,-0.0033526,0.00289644,0.00443938,0.000717228,-0.0029803,-0.00300302,0
420,0.000221842,0.000101545,-6.22707e-05,-0.000196721,-0.000242719,-0.000180928,-3.9857e-05,0.000117266,0.00022082,0.00022563,0.000130654,-2.10369e-05,-0.000161777,-0.000229477,-0.000195004,-7.46979e-05,7.73384e-05,0.000193559,0.00022297,0.000153495,1.68943e-05,-0.000125735,-0.000211276,-0.00020251,-0.000104298,3.90079e-05,0.000163581,0.000214538,0.000170109,5.09173e-05,-8.95708e-05,-0.00018902,-0.000203875,-0.000128425,3.05584e-06,0.000131864,0.000201068,0.000180661,8.05611e-05,-5.41742e-05,-0.000163619,-0.000199622,-0.000146984,-2.98538e-05,9.9338e-05,0.000183337,0.000185431,0.000105488,-2.03441e-05,-0.00013597,-0.000190346,-0.000160006,-5.91782e-05,6.68715e-05,0.000162149,0.000184801,0.00012549,1.1221e-05,-0.000106946,-0.000176702,-0.00016764,-8.44973e-05,3.52608e-05,0.000138319,0.000179238,0.000140484,3.9929e-05,-7.73796e-05,-0.00015939,-0.000170139,-0.000105513,5.21949e-06,0.000112652,0.000169281,0.000150504,6.52978e-05,-4.80493e-05,-0.000139136,-0.000167855,-0.000122045,-2.26293e-05,8.59348e-05,0.000155528,0.000155693,8.69574e-05,-1.96689e-05,-0.000116675,-0.000161217,-0.000134031,-4.77593e-05,5.89168e-05,0.000138615,0.000156293,0.00010465,7.12316e-06,-9.274e-05,-0.000150723,-0.000141514,-6.97452e-05,3.22993e-05,0.000119205,-0.000275193,0.000446758,-0.000643957,0.00087508,-0.00114573,0.00145762,-0.00180721,0.00218405,-0.00256923,0.002934,-0.00323916,0.00343565,-0.00346695,0.00327407,-0.00280345,0.00201794,-0.000910296,-0.000482474,0.00206651,-0.00368433,0.00511855,-0.00611084,0.00639933,-0.0057738,0.00414266,-0.00159892,-0.00153707,0.0047157,-0.00723559,0.00836413,-0.00760008,0.00475985,-0.000449133,-0.00458182,0.00825323,-0.0102881,0.00767777,-0.0042024,-0.00440796,0.00726767,-0.0133054,0.00691341,-0.00388276,-0.00686994,0.0120592,-0.0103775,0.00676795,0.00598201,-0.0125834,0.0114469,-0.00622429,-0.00747597,0.0153918,-0.0101775,0.000479007,0.0113974,-0.0167205,0.00516468,0.0111619,-0.0156943,0.00768081,0.0071468,-0.0178868,0.0103313,0.0106531,-0.0198152,0.00538547,0.0147146,-0.0169811,-0.00056821,0.0175522,-0.0132092,-0.00900556,0.0202452,-0.00338817,-0.0202388,0.0136111,0.0139779,-0.021526,-0.00752805,0.0184729,0.000149981,-0.0142673,0.00227955,0.0110771,-0.00170538,-0.00755747,0.00143441,0.00516495,-0.00164796,-0.00458824,0.00106002,0.0046995,0.000632054,-0.00414249,-0.0026162,0.00245128,0.00389581,0
430,0.000130654,-2.10369e-05,-0.000161777,-0.000229477,-0.000195004,-7.46979e-05,7.73384e-05,0.000193559,0.00022297,0.000153495,1.68943e-05,-0.000125735,-0.000211276,-0.00020251,-0.000104298,3.90079e-05,0.000163581,0.000214538,0.000170109,5.09173e-05,-8.95708e-05,-0.00018902,-0.000203875,-0.000128425,3.05584e-06,0.000131864,0.000201068,0.000180661,8.05611e-05,-5.41742e-05,-0.000163619,-0.000199622,-0.000146984,-2.98538e-05,9.9338e-05,0.000183337,0.000185431,0.000105488,-2.03441e-05,-0.00013597,-0.000190346,-0.000160006,-5.91782e-05,6.68715e-05,0.000162149,0.000184801,0.00012549,1.1221e-05,-0.000106946,-0.000176702,-0.00016764,-8.44973e-05,3.52608e-05,0.000138319,0.000179238,0.000140484,3.9929e-05,-7.73796e-05,-0.00015939,-0.000170139,-0.000105513,5.21949e-06,0.000112652,0.000169281,0.000150504,6.52978e-05,-4.80493e-05,-0.000139136,-0.000167855,-0.000122045,-2.26293e-05,8.59348e-05,0.000155528,0.000155693,8.69574e-05,-1.96689e-05,-0.000116675,-0.000161217,-0.000134031,-4.77593e-05,5.89168e-05,0.000138615,0.000156293,0.00010465,7.12316e-06,-9.274e-05,-0.000150723,-0.000141514,-6.97452e-05,3.22993e-05,0.000119205,0.000152633,0.000118227,3.17712e-05,-6.80418e-05,-0.000136924,-0.000144638,-8.8265e-05,6.72371e-06,9.79711e-05,0.000145117,-0.000389288,0.000640153,-0.000901967,0.00117673,-0.00146321,0.00175593,-0.00204412,0.00231085,-0.00253245,0.00267853,-0.00271297,0.00259625,-0.00228949,0.00176039,-0.000991137,-1.23061e-05,0.00121055,-0.00252266,0.0038222,-0.00494054,0.0056804,-0.00584243,0.00526321,-0.00386524,0.00170033,0.000999895,-0.00384981,0.00626392,-0.00773631,0.00756499,-0.00590516,0.00213898,0.00161621,-0.00683664,0.00800518,-0.0105812,0.00473455,-0.0033178,-0.00667054,0.00799555,-0.0112793,0.00824261,0.000468712,-0.00497505,0.0123779,-0.0114309,0.00323754,0.00322554,-0.011984,0.0136558,-0.00403079,-0.00522041,0.012149,-0.013759,0.00264785,0.0112582,-0.0143304,0.00782223,0.0039786,-0.0154457,0.0138624,0.00285346,-0.0167987,0.0131604,0.00263323,-0.0151977,0.0133823,0.00253547,-0.0176699,0.0130797,0.0085275,-0.0212365,0.00569289,0.0176707,-0.0183982,-0.00831456,0.0223455,-0.00501329,-0.021551,0.0149267,0.0107314,-0.0136293,-0.00323104,0.0113691,-0.000109883,-0.00910359,0.000690712,0.00666179,-0.000455138,-0.00439703,0.000464023,0.00289339,-0.000694189,-0.00227602,0.000778033,0.00223612,-0.000517775,-0.00235081,0
440,1.68943e-05,-0.000125735,-0.000211276,-0.00020251,-0.000104298,3.90079e-05,0.000163581,0.000214538,0.000170109,5.09173e-05,-8.95708e-05,-0.00018902,-0.000203875,-0.000128425,3.05584e-06,0.000131864,0.000201068,0.000180661,8.05611e-05,-5.41742e-05,-0.000163619,-0.000199622,-0.000146984,-2.98538e-05,9.9338e-05,0.000183337,0.000185431,0.000105488,-2.03441e-05,-0.00013597,-0.000190346,-0.000160006,-5.91782e-05,6.68715e-05,0.000162149,0.000184801,0.00012549,1.1221e-05,-0.000106946,-0.000176702,-0.00016764,-8.44973e-05,3.52608e-05,0.000138319,0.000179238,0.000140484,3.9929e-05,-7.73796e-05,-0.00015939,-0.000170139,-0.000105513,5.21949e-06,0.000112652,0.000169281,0.000150504,6.52978e-05,-4.80493e-05,-0.000139136,-0.000167855,-0.000122045,-2.26293e-05,8.59348e-05,0.000155528,0.000155693,8.69574e-05,-1.96689e-05,-0.000116675,-0.000161217,-0.000134031,-4.77593e-05,5.89168e-05,0.000138615,0.000156293,0.00010465,7.12316e-06,-9.274e-05,-0.000150723,-0.000141514,-6.97452e-05,3.22993e-05,0.000119205,0.000152633,0.000118227,3.17712e-05,-6.80418e-05,-0.000136924,-0.000144638,-8.8265e-05,6.72371e-06,9.79711e-05,0.000145117,0.000127646,5.3809e-05,-4.326e-05,-0.000120407,-0.00014364,-0.0001031,-1.72378e-05,7.55804e-05,0.000134211,0.000132965,-0.000397987,0.000660302,-0.000918066,0.00116731,-0.00140115,0.00160911,-0.00177668,0.00188509,-0.00191178,0.00183144,-0.00161808,0.00124825,-0.000705541,-1.38961e-05,0.000894941,-0.00189726,0.0029503,-0.00395156,0.00476942,-0.00525469,0.00525657,-0.00465828,0.00339102,-0.00151875,-0.000848901,0.00328652,-0.00563273,0.00689014,-0.00760488,0.0057066,-0.00426802,-0.00125362,0.00268646,-0.00929211,0.00696417,-0.00981725,0.00327145,0.000560283,-0.00530516,0.0113324,-0.00844649,0.00673636,-0.000334435,-0.00878496,0.0101238,-0.0100507,0.00533725,0.00595625,-0.0114263,0.0107088,-0.0068811,-0.00402507,0.0138554,-0.0119999,0.0032523,0.00624493,-0.0141526,0.0122564,0.00192713,-0.0146354,0.0135583,-0.00190827,-0.0105012,0.0152389,-0.00670789,-0.0104481,0.0183468,-0.006216,-0.0142873,0.0179081,-0.00143147,-0.0177987,0.014069,0.00528928,-0.0194636,0.00771583,0.0141107,-0.0169448,-0.00354119,0.020312,-0.00701691,-0.012095,0.00887842,0.00548229,-0.00816631,-0.00146878,0.00697131,-0.000168959,-0.00573525,0.000347529,0.00450033,0.000102029,-0.0032564,-0.00061848,0.00207841,0.000982832,-0.00100191,-0.00115635,0
