0,0,0,0,0,0,0,0,0,0,0,0,0,0,0,0,0,0,0,0,0,0,0,0,0,0,0,0,0,0,0,0,0,0,0,0,0,0,0,0,0,0,0,0,0,0,0,0,0,0,0,0.156434,0,0,0,0,0,0,0,0,0,0,0,0,0,0,0,0,0,0,0,0,0,0,0,0,0,0,0,0,0,0,0,0,0,0,0,0,0,0,0,0,0,0,0,0,0,0,0,0,0,0,0,0,0,0,0,0,0,0,0,0,0,0,0,0,0,0,0,0,0,0,0,0,0,0,0,0,0,0,0,0,0,0,0,0,0,0,0,0,0,0,0,0,0,0,0,0,0,0,0,0,0,0,0,0,0,0,0,0,0,0,0,0,0,0,0,0,0,0,0,0,0,0,0,0,0,0,0,0,0,0,0,0,0,0,0,0,0,0,0,0,0,0,0,0,0,0,0,0
0,0,0,0,0,0,0,0,0,0,0,0,0,0,0,0,0,0,0,0,0,0,0,0,0,0,0,0,0,0,0,0,0,0,0,0,0,0,0,0,0,0,4.47563e-07,2.5467e-05,0.000593109,0.00726348,0.0499835,0.191786,0.390918,0.444579,0.496545,1.50324,1.48181,1.33356,1.11477,0.598992,0.187539,0.0349634,0.00394561,0.000264422,9.6825e-06,1.49188e-07,0,0,0,0,0,0,0,0,0,0,0,0,0,0,0,0,0,0,0,0,0,0,0,0,0,0,0,0,0,0,0,0,0,0,0,0,0,0,0,0,0,0,0,0,0,0,0,0,0,0,0,0,0,0,0,0,0,0,0,0,0,0,0,0,0,0,0,0,0,0,0,0,0,0,0,0,0,0,0,0,0,0,0,0,0,0,0,0,0,0,0,0,0,0,0,0,0,0,0,0,0,0,0,0,0,0,0,0,0,0,0,0,0,0,0,0,0,0,0,0,0,0,0,0,0,0,0,0,0,0,0,0,0,0,0,0,0,0
0,0,0,0,0,0,0,0,0,0,0,0,0,0,0,0,0,0,0,0,0,0,0,0,0,0,0,0,0,0,0,0,4.26829e-13,4.98969e-11,2.6503e-09,8.4583e-08,1.80704e-06,2.7247e-05,0.000297789,0.00238414,0.0139599,0.0590175,0.175821,0.356942,0.484063,0.485796,0.495406,0.476784,0.33696,0.253537,0.0620005,-0.218804,0.217757,0.713471,1.03827,1.38025,1.47711,1.4619,1.40301,1.05051,0.552499,0.204162,0.0542899,0.0106127,0.0015459,0.000168657,1.37293e-05,8.21939e-07,3.5139e-08,1.01536e-09,1.77705e-11,1.42276e-13,0,0,0,0,0,0,0,0,0,0,0,0,0,0,0,0,0,0,0,0,0,0,0,0,0,0,0,0,0,0,0,0,0,0,0,0,0,0,0,0,0,0,0,0,0,0,0,0,0,0,0,0,0,0,0,0,0,0,0,0,0,0,0,0,0,0,0,0,0,0,0,0,0,0,0,0,0,0,0,0,0,0,0,0,0,0,0,0,0,0,0,0,0,0,0,0,0,0,0,0,0,0,0,0,0,0,0,0,0,0,0,0,0,0,0,0,0,0,0,0,0,0,0,0,0,0,0,0
0,0,0,0,0,0,0,0,0,0,0,0,0,0,0,0,0,0,0,0,0,0,4.07056e-19,7.20088e-17,5.98103e-15,3.09911e-13,1.12259e-11,3.01883e-10,6.24674e-09,1.01724e-07,1.32207e-06,1.38249e-05,0.000116714,0.000794907,0.00434676,0.0189103,0.064531,0.169334,0.333204,0.480538,0.51608,0.478041,0.460776,0.37935,0.213132,0.0959179,-0.0785699,-0.238133,-0.344181,-0.471759,-0.483143,-1.51164,-1.46934,-1.36446,-1.04584,-0.691524,-0.23013,0.263881,0.661118,1.10407,1.35785,1.44375,1.51994,1.39865,0.993708,0.530698,0.215918,0.0682954,0.0170943,0.00343173,0.000557727,7.37921e-05,7.96559e-06,7.00663e-07,4.99748e-08,2.86362e-09,1.29866e-10,4.55408e-12,1.19071e-13,2.18461e-15,2.50884e-17,1.35685e-19,0,0,0,0,0,0,0,0,0,0,0,0,0,0,0,0,0,0,0,0,0,0,0,0,0,0,0,0,0,0,0,0,0,0,0,0,0,0,0,0,0,0,0,0,0,0,0,0,0,0,0,0,0,0,0,0,0,0,0,0,0,0,0,0,0,0,0,0,0,0,0,0,0,0,0,0,0,0,0,0,0,0,0,0,0,0,0,0,0,0,0,0,0,0,0,0,0,0,0,0,0,0,0,0,0,0,0,0,0,0,0,0,0,0,0,0,0,0
0,0,0,0,0,0,0,0,0,0,0,0,3.88199e-25,9.19648e-23,1.0395e-20,7.46031e-19,3.81647e-17,1.48105e-15,4.53028e-14,1.12037e-12,2.27988e-11,3.86499e-10,5.50586e-09,6.62915e-08,6.7695e-07,5.87153e-06,4.32365e-05,0.000269678,0.00141856,0.00625152,0.0228674,0.068563,0.165759,0.316641,0.467965,0.531697,0.492126,0.436734,0.382958,0.241584,0.0658653,-0.0596268,-0.228482,-0.368753,-0.435049,-0.519325,-0.491294,-0.461483,-0.359621,-0.230054,-0.0846022,0.241414,-0.242263,-0.685492,-1.06867,-1.35553,-1.47653,-1.51165,-1.31577,-1.07616,-0.674652,-0.197191,0.218691,0.711337,1.11464,1.31196,1.47098,1.55544,1.37057,0.950416,0.517784,0.225099,0.0794547,0.0231137,0.00560765,0.00114497,0.00019807,2.91654e-05,3.6658e-06,3.9375e-07,3.6125e-08,2.82472e-09,1.87477e-10,1.04951e-11,4.91089e-13,1.89645e-14,5.93698e-16,1.46854e-17,2.76161e-19,3.7092e-21,3.16901e-23,1.294e-25,0,0,0,0,0,0,0,0,0,0,0,0,0,0,0,0,0,0,0,0,0,0,0,0,0,0,0,0,0,0,0,0,0,0,0,0,0,0,0,0,0,0,0,0,0,0,0,0,0,0,0,0,0,0,0,0,0,0,0,0,0,0,0,0,0,0,0,0,0,0,0,0,0,0,0,0,0,0,0,0,0,0,0,0,0,0,0,0,0,0,0,0,0,0,0,0,0,0,0,0,0,0,0,0,0,0,0,0
0,0,3.70215e-31,1.09917e-28,1.57199e-26,1.44215e-24,9.53534e-23,4.83999e-21,1.96161e-19,6.51892e-18,1.81021e-16,4.25882e-15,8.57757e-14,1.49054e-12,2.24784e-11,2.9545e-10,3.3945e-09,3.41521e-08,3.01107e-07,2.32571e-06,1.57163e-05,9.26939e-05,0.000475439,0.00211017,0.00805097,0.0261792,0.0717546,0.163478,0.30433,0.454217,0.536315,0.510319,0.4321,0.36505,0.260379,0.0782266,-0.0843933,-0.207065,-0.362493,-0.459259,-0.486234,-0.518213,-0.449505,-0.360205,-0.244497,-0.0683435,0.0615238,0.244758,0.34517,0.466081,0.491351,1.50236,1.47843,1.3572,1.04849,0.697818,0.20971,-0.226709,-0.707954,-1.07154,-1.34202,-1.51416,-1.4633,-1.3503,-1.06463,-0.635444,-0.237038,0.242713,0.750697,1.08107,1.30149,1.51124,1.56766,1.33702,0.916676,0.509139,0.232647,0.0887941,0.0286749,0.0079177,0.0018849,0.000389406,7.0166e-05,1.10685e-05,1.5326e-06,1.86579e-07,1.99845e-08,1.88289e-09,1.55867e-10,1.13125e-11,7.17492e-13,3.95886e-14,1.88878e-15,7.72992e-17,2.68517e-18,7.8071e-20,1.86412e-21,3.55909e-23,5.22354e-25,5.53209e-27,3.66825e-29,1.14488e-31,0,0,0,0,0,0,0,0,0,0,0,0,0,0,0,0,0,0,0,0,0,0,0,0,0,0,0,0,0,0,0,0,0,0,0,0,0,0,0,0,0,0,0,0,0,0,0,0,0,0,0,0,0,0,0,0,0,0,0,0,0,0,0,0,0,0,0,0,0,0,0,0,0,0,0,0,0,0,0,0,0,0,0,0,0,0,0,0,0,0,0,0,0,0,0,0,0,0
3.16546e-21,2.77889e-20,7.22896e-19,1.64523e-17,3.29053e-16,5.81463e-15,9.11648e-14,1.27231e-12,1.58441e-11,1.76354e-10,1.75628e-09,1.56554e-08,1.24882e-07,8.90714e-07,5.67195e-06,3.21758e-05,0.00016212,0.000722722,0.00283649,0.00974,0.0290337,0.0743969,0.161888,0.294711,0.441217,0.534817,0.524977,0.439327,0.35025,0.258118,0.101116,-0.0885547,-0.222261,-0.33786,-0.463479,-0.50324,-0.490738,-0.471621,-0.358381,-0.232163,-0.097273,0.0892715,0.215152,0.364337,0.451249,0.498432,0.511852,0.44369,0.374129,0.218288,0.0946386,-0.250915,0.252525,0.673074,1.08466,1.33487,1.50184,1.48416,1.33897,1.06785,0.657185,0.241695,-0.269814,-0.694161,-1.07128,-1.3773,-1.4716,-1.48988,-1.3568,-1.0188,-0.660009,-0.243417,0.290483,0.749217,1.05021,1.31726,1.54611,1.5651,1.30375,0.889527,0.502885,0.239053,0.0968512,0.0338263,0.0102802,0.00273929,0.000643908,0.000134181,2.48852e-05,4.11999e-06,6.10327e-07,8.10318e-08,9.65222e-09,1.032e-09,9.90308e-11,8.52336e-12,6.57137e-13,4.52988e-14,2.78467e-15,1.52131e-16,7.14412e-18,2.86507e-19,1.00643e-20,3.06931e-22,8.03489e-24,1.77912e-25,3.26725e-27,4.8425e-29,5.56557e-31,4.65402e-33,2.51886e-35,6.62245e-38,0,0,0,0,0,0,0,0,0,0,0,0,0,0,0,0,0,0,0,0,0,0,0,0,0,0,0,0,0,0,0,0,0,0,0,0,0,0,0,0,0,0,0,0,0,0,0,0,0,0,0,0,0,0,0,0,0,0,0,0,0,0,0,0,0,0,0,0,0,0,0,0,0,0,0,0,0,0,0,0,0,0,0,0,0,0,0,0
2.04276e-13,8.61642e-13,9.2603e-12,9.15306e-11,8.22344e-10,6.71398e-09,4.97849e-08,3.34947e-07,2.0417e-06,1.12541e-05,5.59565e-05,0.000250188,0.00100204,0.00357809,0.0113249,0.031545,0.076649,0.160708,0.286911,0.429386,0.530076,0.535084,0.451212,0.343959,0.246896,0.113933,-0.0739147,-0.236947,-0.339059,-0.441795,-0.517792,-0.497537,-0.449925,-0.381365,-0.229494,-0.0853726,0.0609332,0.238709,0.346101,0.453074,0.507881,0.493008,0.469096,0.350227,0.245016,0.075047,-0.0728114,-0.231036,-0.359932,-0.450989,-0.506557,-1.48697,-1.4942,-1.34094,-1.06506,-0.681673,-0.223791,0.235939,0.707379,1.05963,1.3679,1.47854,1.49602,1.33929,1.04004,0.687117,0.196619,-0.2557,-0.692679,-1.1109,-1.34288,-1.48303,-1.51575,-1.3159,-1.01829,-0.687004,-0.212087,0.320315,0.72705,1.03638,1.34509,1.57146,1.55393,1.2725,0.867067,0.498109,0.24461,0.103947,0.0386184,0.0126499,0.0036788,0.000955268,0.000222523,4.66793e-05,8.84563e-06,1.51805e-06,2.3641e-07,3.34603e-08,4.30882e-09,5.05034e-10,5.2241e-11,4.74335e-12,3.93094e-13,2.97057e-14,2.04429e-15,1.27893e-16,7.25761e-18,3.72552e-19,1.72412e-20,7.16404e-22,2.65949e-23,8.76708e-25,2.54739e-26,6.46403e-28,1.41585e-29,2.63702e-31,4.09389e-33,5.15388e-35,5.05418e-37,3.62173e-39,1.68665e-41,3.83068e-44,0,0,0,0,0,0,0,0,0,0,0,0,0,0,0,0,0,0,0,0,0,0,0,0,0,0,0,0,0,0,0,0,0,0,0,0,0,0,0,0,0,0,0,0,0,0,0,0,0,0,0,0,0,0,0,0,0,0,0,0,0,0,0,0,0,0,0,0,0,0,0,0,0,0,0,0,0,0
4.67745e-08,1.28699e-07,7.35078e-07,3.9602e-06,1.94885e-05,8.73182e-05,0.000355099,0.00130587,0.0043232,0.0128148,0.0337881,0.078608,0.15979,0.280404,0.418724,0.523671,0.541282,0.463884,0.344875,0.235389,0.115446,-0.0560082,-0.236833,-0.35343,-0.430155,-0.506576,-0.517208,-0.445451,-0.368322,-0.25346,-0.0774187,0.0674717,0.213945,0.367065,0.440554,0.502746,0.511663,0.444978,0.376863,0.228124,0.0880894,-0.0720975,-0.234572,-0.346922,-0.464415,-0.490115,-0.515733,-0.443383,-0.37181,-0.222376,-0.0895024,0.245351,-0.247132,-0.677626,-1.08179,-1.33499,-1.50577,-1.47486,-1.35459,-1.04614,-0.682579,-0.218013,0.255993,0.689701,1.09749,1.33705,1.50504,1.48812,1.31902,1.06916,0.645667,0.203289,-0.245487,-0.736004,-1.09081,-1.33556,-1.5197,-1.49463,-1.29142,-1.04515,-0.685528,-0.171864,0.326327,0.702462,1.03876,1.37604,1.58776,1.53796,1.2437,0.848056,0.494309,0.249508,0.110292,0.0430961,0.015001,0.00468129,0.00131669,0.000335266,7.75665e-05,1.63391e-05,3.04623e-06,4.97032e-07,7.4608e-08,1.03157e-08,1.31499e-09,1.54647e-10,1.6785e-11,1.68156e-12,1.55477e-13,1.32624e-14,1.04305e-15,7.55678e-17,5.03737e-18,3.0851e-19,1.7328e-20,8.90618e-22,4.17798e-23,1.7833e-24,6.90021e-26,2.40976e-27,7.55581e-29,2.11368e-30,5.23499e-32,1.13711e-33,2.14068e-35,3.44e-37,4.62479e-39,5.05981e-41,4.32675e-43,2.71234e-45,1.10846e-47,2.21581e-50,0,0,0,0,0,0,0,0,0,0,0,0,0,0,0,0,0,0,0,0,0,0,0,0,0,0,0,0,0,0,0,0,0,0,0,0,0,0,0,0,0,0,0,0,0,0,0,0,0,0,0,0,0,0,0,0,0,0,0,0,0,0,0,0,0,0,0,0
0.000255979,0.000508376,0.00163618,0.00506625,0.0142192,0.0358148,0.0803381,0.159048,0.274853,0.409115,0.516468,0.544454,0.475593,0.350545,0.227245,0.110076,-0.0431273,-0.225918,-0.364369,-0.434722,-0.489901,-0.520131,-0.462096,-0.355366,-0.252046,-0.0986526,0.0810531,0.212726,0.347653,0.461036,0.490611,0.507073,0.464874,0.354729,0.249736,0.0819798,-0.0737373,-0.217509,-0.36665,-0.439475,-0.512148,-0.497327,-0.458586,-0.364181,-0.22993,-0.0896917,0.0861641,0.219261,0.370224,0.441856,0.514979,1.47875,1.50278,1.33145,1.07601,0.668805,0.238817,-0.252951,-0.68924,-1.07708,-1.35409,-1.48493,-1.50077,-1.32155,-1.06841,-0.656427,-0.216329,0.251608,0.723458,1.06835,1.36788,1.49883,1.46852,1.34991,1.03546,0.640304,0.223634,-0.285452,-0.736552,-1.06855,-1.36786,-1.52629,-1.46093,-1.29905,-1.06686,-0.660722,-0.141072,0.316345,0.68443,1.05269,1.40556,1.59663,1.51942,1.21732,0.831664,0.491188,0.253877,0.116027,0.0472811,0.0172596,0.00553528,0.00152312,0.000383433,8.86062e-05,1.8849e-05,3.69997e-06,6.71521e-07,1.12875e-07,1.75958e-08,2.54674e-09,3.42538e-10,4.28426e-11,4.9853e-12,5.39861e-13,5.44116e-14,5.10373e-15,4.45411e-16,3.6151e-17,2.72708e-18,1.91045e-19,1.24161e-20,7.47662e-22,4.16526e-23,2.14301e-24,1.01612e-25,4.42947e-27,1.77012e-28,6.4634e-30,2.148e-31,6.46751e-33,1.75475e-34,4.26245e-36,9.19746e-38,1.74612e-39,2.88187e-41,4.072e-43,4.82723e-45,4.66957e-47,3.5398e-49,1.97211e-51,7.18013e-54,1.28171e-56,0,0,0,0,0,0,0,0,0,0,0,0,0,0,0,0,0,0,0,0,0,0,0,0,0,0,0,0,0,0,0,0,0,0,0,0,0,0,0,0,0,0,0,0,0,0,0,0,0,0,0,0,0,0,0,0,0,0
0.0635712,0.0935252,0.16312,0.271738,0.400987,0.509123,0.545419,0.485687,0.35891,0.223289,0.102046,-0.0370817,-0.211414,-0.36614,-0.446508,-0.482519,-0.508875,-0.475932,-0.36207,-0.237365,-0.108859,0.0676337,0.228911,0.33816,0.449427,0.5103,0.492865,0.464736,0.372687,0.230017,0.1008,-0.0747575,-0.225663,-0.34482,-0.461289,-0.492181,-0.509515,-0.45726,-0.359498,-0.24552,-0.0742768,0.0636642,0.237353,0.349104,0.458387,0.49883,0.505316,0.454775,0.359915,0.234517,0.0772191,-0.232935,0.234558,0.690355,1.069,1.34757,1.49392,1.48512,1.34714,1.04925,0.685425,0.207986,-0.238686,-0.712394,-1.07393,-1.35456,-1.50115,-1.47371,-1.34919,-1.03539,-0.664446,-0.214126,0.28311,0.696933,1.09833,1.36943,1.47619,1.50031,1.32917,1.01651,0.666151,0.196951,-0.307428,-0.711259,-1.08277,-1.39654,-1.50417,-1.44474,-1.32283,-1.06981,-0.626926,-0.125043,0.299335,0.675677,1.07358,1.43142,1.59905,1.49795,1.18916,0.808949,0.473077,0.226447,0.0969453,0.037416,0.0131036,0.00418678,0.00122599,0.000330266,8.2113e-05,1.88939e-05,4.03282e-06,8.00089e-07,1.47792e-07,2.54548e-08,4.09289e-09,6.14992e-10,8.64275e-11,1.13676e-11,1.40003e-12,1.61517e-13,1.74586e-14,1.76827e-15,1.67809e-16,1.49186e-17,1.24209e-18,9.68047e-20,7.05821e-21,4.81089e-22,3.06263e-23,1.819e-24,1.00668e-25,5.18362e-27,2.47922e-28,1.09922e-29,4.50779e-31,1.70539e-32,5.93424e-34,1.89272e-35,5.5111e-37,1.45809e-38,3.48595e-40,7.48152e-42,1.43004e-43,2.41094e-45,3.54209e-47,4.46555e-49,4.73388e-51,4.10381e-53,2.79375e-55,1.40061e-57,4.59772e-60,7.41392e-63,0,0,0,0,0,0,0,0,0,0,0,0,0,0,0,0,0,0,0,0,0,0,0,0,0,0,0,0,0,0,0,0,0,0,0,0,0,0,0,0,0,0,0,0,0,0,0,0
0.687179,0.714622,0.625484,0.456181,0.27428,0.120551,-0.0244786,-0.193174,-0.358095,-0.456269,-0.485655,-0.495836,-0.476779,-0.378007,-0.232615,-0.100408,0.050377,0.226702,0.351687,0.433821,0.508583,0.509333,0.448552,0.378931,0.243896,0.0831815,-0.0562183,-0.226482,-0.35435,-0.43987,-0.512324,-0.49654,-0.460367,-0.37055,-0.230114,-0.0981995,0.0821369,0.218031,0.358636,0.452273,0.497449,0.511561,0.446389,0.373542,0.223599,0.0931914,-0.0872409,-0.220122,-0.367909,-0.445182,-0.51104,-1.48293,-1.49872,-1.335,-1.07341,-0.669924,-0.239774,0.256628,0.682239,1.08781,1.33967,1.50228,1.4823,1.3382,1.05744,0.657786,0.227093,-0.27368,-0.695694,-1.09165,-1.3605,-1.48362,-1.50167,-1.3164,-1.0467,-0.662559,-0.18199,0.258938,0.721921,1.11108,1.34376,1.50442,1.49712,1.29991,1.03867,0.65996,0.161617,-0.294051,-0.703745,-1.11636,-1.40001,-1.47791,-1.45287,-1.349,-1.06372,-0.610556,-0.146743,0.247388,0.634868,1.05703,1.41976,1.40488,1.17237,0.839043,0.523053,0.287797,0.141298,0.0624551,0.025036,0.00915711,0.00307147,0.000948808,0.000270908,7.17156e-05,1.76483e-05,4.04647e-06,8.66138e-07,1.7337e-07,3.2499e-08,5.71251e-09,9.42568e-10,1.46126e-10,2.13015e-11,2.92169e-12,3.77246e-13,4.58727e-14,5.25468e-15,5.67124e-16,5.76743e-17,5.52645e-18,4.989e-19,4.24211e-20,3.39629e-21,2.55911e-22,1.81381e-23,1.20843e-24,7.5618e-26,4.44018e-27,2.44386e-28,1.25926e-29,6.06595e-31,2.72727e-32,1.14237e-33,4.44865e-35,1.60681e-36,5.36831e-38,1.65389e-39,4.68195e-41,1.21287e-42,2.86147e-44,6.1139e-46,1.17519e-47,2.01596e-49,3.05638e-51,4.04583e-53,4.60428e-55,4.41399e-57,3.46651e-59,2.14153e-61,9.75891e-64,2.91659e-66,4.2885e-69,0,0,0,0,0,0,0,0,0,0,0,0,0,0,0,0,0,0,0,0,0,0,0,0,0,0,0,0,0,0,0,0,0,0,0,0,0,0
0.0755314,-0.0115032,-0.114397,-0.22213,-0.291481,-0.310279,-0.321822,-0.339322,-0.303281,-0.190425,-0.0623946,0.0605766,0.215807,0.362026,0.44035,0.492069,0.517625,0.458562,0.363091,0.256687,0.0909497,-0.0710605,-0.207202,-0.358054,-0.448014,-0.492993,-0.515605,-0.451546,-0.369407,-0.246503,-0.0803903,0.0597592,0.22996,0.351472,0.447143,0.508894,0.494711,0.467202,0.355614,0.243579,0.0809245,-0.0735462,-0.225675,-0.361395,-0.446326,-0.51015,-0.494969,-0.464122,-0.351449,-0.242312,-0.0698263,0.225645,-0.227055,-0.69839,-1.06013,-1.35754,-1.48267,-1.49769,-1.33345,-1.06353,-0.671512,-0.22011,0.247186,0.709521,1.06948,1.36701,1.48187,1.4962,1.32948,1.04525,0.66991,0.192851,-0.253034,-0.722108,-1.09272,-1.34926,-1.51237,-1.47194,-1.32706,-1.05013,-0.628707,-0.202625,0.27472,0.746412,1.08599,1.3619,1.51887,1.46427,1.30458,1.04385,0.611072,0.1295,-0.307953,-0.764038,-1.1836,-1.41758,-1.48555,-1.48273,-1.35773,-1.02245,-0.551069,-0.110026,0.216478,0.495816,0.730467,0.858277,0.837539,0.694031,0.497305,0.312832,0.17492,0.0878237,0.0399229,0.0165438,0.00628509,0.00219947,0.000711869,0.00021382,5.97779e-05,1.55949e-05,3.80477e-06,8.69791e-07,1.86624e-07,3.76375e-08,7.14382e-09,1.27755e-09,2.15469e-10,3.43013e-11,5.15783e-12,7.33021e-13,9.85091e-14,1.25234e-14,1.50658e-15,1.71548e-16,1.84912e-17,1.88694e-18,1.82287e-19,1.66694e-20,1.44268e-21,1.18139e-22,9.15055e-24,6.70102e-25,4.63715e-26,3.03049e-27,1.86903e-28,1.08694e-29,5.95489e-31,3.07018e-32,1.48783e-33,6.7679e-35,2.88542e-36,1.151e-37,4.28763e-39,1.4883e-40,4.80213e-42,1.43627e-43,3.96939e-45,1.01e-46,2.35625e-48,5.01552e-50,9.68595e-52,1.68572e-53,2.62271e-55,3.61222e-57,4.35075e-59,4.51211e-61,3.94786e-63,2.8338e-65,1.60237e-67,6.69271e-70,1.83578e-72,2.48063e-75,0,0,0,0,0,0,0,0,0,0,0,0,0,0,0,0,0,0,0,0,0,0,0,0,0,0,0,0
-0.668996,-0.661131,-0.615222,-0.50594,-0.315885,-0.101975,0.0832598,0.27447,0.482862,0.62498,0.671535,0.670416,0.600207,0.449664,0.295929,0.135726,-0.0575169,-0.211688,-0.336301,-0.455291,-0.497596,-0.499157,-0.470575,-0.36175,-0.244786,-0.098004,0.0770048,0.211214,0.357235,0.449426,0.495444,0.513817,0.448409,0.374282,0.234606,0.0875519,-0.0683196,-0.232095,-0.34658,-0.460952,-0.492686,-0.512501,-0.448791,-0.368457,-0.230688,-0.0847034,0.0778391,0.230083,0.357624,0.455654,0.500448,1.49362,1.48794,1.34584,1.06257,0.680625,0.229472,-0.247124,-0.690376,-1.08177,-1.34273,-1.50308,-1.47688,-1.34854,-1.04263,-0.67554,-0.209163,0.259399,0.702163,1.09619,1.34442,1.50772,1.47738,1.33076,1.05039,0.639982,0.213781,-0.282366,-0.722952,-1.08372,-1.38037,-1.48831,-1.48095,-1.34315,-1.02454,-0.657984,-0.2231,0.274749,0.688501,1.04872,1.35547,1.47458,1.44589,1.33114,1.04304,0.618981,0.199875,-0.233943,-0.716974,-1.11312,-1.32742,-1.2902,-1.18586,-0.96624,-0.646845,-0.327398,-0.0741601,0.12647,0.303876,0.446557,0.517437,0.498984,0.411239,0.295171,0.187252,0.106233,0.054413,0.0253586,0.0108219,0.00425158,0.00154461,0.000520911,0.000163607,4.79911e-05,1.31795e-05,3.39581e-06,8.22441e-07,1.87541e-07,4.03224e-08,8.18476e-09,1.57023e-09,2.85e-10,4.8981e-11,7.97706e-12,1.23189e-12,1.80496e-13,2.51034e-14,3.31545e-15,4.1595e-16,4.95836e-17,5.61713e-18,6.04815e-19,6.18994e-20,6.02146e-21,5.56721e-22,4.89142e-23,4.08324e-24,3.23768e-25,2.43767e-26,1.74202e-27,1.18103e-28,7.59206e-30,4.62456e-31,2.66736e-32,1.45559e-33,7.50832e-35,3.65721e-36,1.6802e-37,7.27145e-39,2.96013e-40,1.13172e-41,4.05633e-43,1.36028e-44,4.25852e-46,1.24146e-47,3.36059e-49,8.41999e-51,1.94547e-52,4.12785e-54,8.00355e-56,1.41e-57,2.24183e-59,3.19093e-61,4.0261e-63,4.44833e-65,4.23738e-67,3.40967e-69,2.25364e-71,1.1748e-73,4.52896e-76,1.1479e-78,1.43489e-81,0,0,0,0,0,0,0,0,0,0,0,0,0,0,0,0,0,0
-0.0718443,0.0345531,0.10586,0.205457,0.305432,0.331639,0.319871,0.316445,0.270868,0.178501,0.0871462,-0.026852,-0.145796,-0.208171,-0.265239,-0.328097,-0.337519,-0.333866,-0.296775,-0.185285,-0.0702688,0.0741287,0.233841,0.34376,0.453107,0.503225,0.497864,0.468784,0.359823,0.24568,0.0902845,-0.0747066,-0.214673,-0.363232,-0.44114,-0.508624,-0.50045,-0.457555,-0.367381,-0.231326,-0.0923941,0.0833923,0.217895,0.366983,0.442837,0.511767,0.494931,0.462893,0.353641,0.239443,0.07311,-0.229091,0.230412,0.695385,1.06249,1.35614,1.48275,1.49932,1.32972,1.06968,0.662732,0.231471,-0.260709,-0.694758,-1.08399,-1.35479,-1.48945,-1.49545,-1.32205,-1.06052,-0.649456,-0.213424,0.267127,0.720392,1.07927,1.37372,1.48488,1.48504,1.32835,1.01553,0.645948,0.161739,-0.318626,-0.75222,-1.15777,-1.39792,-1.51294,-1.51141,-1.30925,-1.01191,-0.633896,-0.134334,0.34202,0.757695,1.15754,1.42098,1.50356,1.49165,1.33856,0.99398,0.577003,0.157866,-0.236468,-0.561561,-0.737477,-0.789826,-0.782915,-0.717669,-0.573478,-0.380471,-0.196923,-0.048857,0.0754611,0.186621,0.272247,0.3113,0.297173,0.243882,0.175404,0.112156,0.0644746,0.0336234,0.0160233,0.00702007,0.00284181,0.00106749,0.000373438,0.000122044,3.73619e-05,1.07394e-05,2.90443e-06,7.40396e-07,1.7819e-07,4.05446e-08,8.733e-09,1.78262e-09,3.45182e-10,6.34625e-11,1.10867e-11,1.84166e-12,2.91068e-13,4.37915e-14,6.27472e-15,8.56598e-16,1.1145e-16,1.38236e-17,1.6349e-18,1.84397e-19,1.98361e-20,2.03526e-21,1.99177e-22,1.85907e-23,1.65477e-24,1.40443e-25,1.13629e-26,8.76176e-28,6.43672e-29,4.50345e-30,2.99945e-31,1.9008e-32,1.14546e-33,6.55992e-35,3.5676e-36,1.84105e-37,9.00709e-39,4.17352e-40,1.82955e-41,7.5786e-43,2.96246e-44,1.09117e-45,3.7809e-47,1.23017e-48,3.75075e-50,1.06921e-51,2.84247e-53,7.02687e-55,1.61008e-56,3.40674e-58,6.6281e-60,1.17994e-61,1.91095e-63,2.79651e-65,3.66801e-67,4.26974e-69,4.35721e-71,3.83779e-73,2.85849e-75,1.75067e-77,8.465e-80,3.02996e-82,7.1375e-85,8.29997e-88,0,0,0,0,0,0,0,0
0.674919,0.66992,0.611542,0.497432,0.317748,0.117823,-0.0840295,-0.304739,-0.482489,-0.58492,-0.668792,-0.691585,-0.605249,-0.480535,-0.315042,-0.107066,0.0829467,0.295204,0.494499,0.61179,0.686332,0.666838,0.575411,0.462682,0.286782,0.123119,-0.0501334,-0.221194,-0.340046,-0.456062,-0.495447,-0.506026,-0.460634,-0.360514,-0.247017,-0.0784536,0.0635404,0.232427,0.350202,0.454221,0.501567,0.502378,0.459401,0.357927,0.240764,0.0752889,-0.0691573,-0.238062,-0.350244,-0.462586,-0.493783,-1.50022,-1.48119,-1.35295,-1.05491,-0.689027,-0.220196,0.236911,0.701482,1.06997,1.35483,1.49132,1.48742,1.34034,1.04725,0.675652,0.203518,-0.248208,-0.717943,-1.07851,-1.36117,-1.49817,-1.4806,-1.34563,-1.03925,-0.678374,-0.218431,0.24543,0.671013,1.06857,1.31644,1.47458,1.47778,1.30796,1.0544,0.654351,0.205722,-0.234604,-0.705551,-1.07134,-1.3234,-1.48918,-1.46224,-1.29908,-1.05038,-0.645102,-0.181243,0.247864,0.701412,1.10343,1.33322,1.30516,1.18822,0.943374,0.637308,0.355892,0.0944397,-0.153245,-0.338951,-0.436421,-0.473973,-0.475355,-0.431734,-0.339651,-0.225131,-0.119323,-0.0314068,0.0457897,0.114653,0.165564,0.186982,0.176952,0.144744,0.104339,0.0672121,0.0391082,0.0207304,0.0100803,0.00452218,0.00188065,0.000727963,0.000263182,8.91345e-05,2.83532e-05,8.49004e-06,2.39792e-06,6.39943e-07,1.61625e-07,3.86847e-08,8.78561e-09,1.89534e-09,3.8879e-10,7.58998e-11,1.41126e-11,2.50106e-12,4.22729e-13,6.81814e-14,1.0499e-14,1.54418e-15,2.17009e-16,2.91493e-17,3.74338e-18,4.59711e-19,5.39964e-20,6.06682e-21,6.52094e-22,6.70551e-23,6.59668e-24,6.2083e-25,5.58903e-26,4.8124e-27,3.96255e-28,3.11948e-29,2.34731e-30,1.68775e-31,1.15915e-32,7.60135e-34,4.75731e-35,2.84007e-36,1.61638e-37,8.76459e-39,4.52465e-40,2.22212e-41,1.0373e-42,4.59826e-44,1.93366e-45,7.70491e-47,2.90546e-48,1.03543e-49,3.48195e-51,1.10303e-52,3.28556e-54,9.18296e-56,2.40273e-57,5.87019e-59,1.33524e-60,2.81839e-62,5.49981e-64,9.87961e-66,1.62565e-67,2.43612e-69,3.30218e-71,4.01597e-73,4.3388e-75,4.11345e-77,3.36916e-79,2.33572e-81,1.33269e-83,6.0088e-86,8.33018e-88
0.0750527,-0.0269306,-0.107872,-0.21897,-0.297153,-0.317024,-0.336492,-0.323174,-0.256174,-0.181928,-0.0814021,0.0277846,0.113198,0.2224,0.301441,0.316338,0.335092,0.314372,0.260835,0.19307,0.0666253,-0.0368768,-0.129193,-0.217963,-0.263676,-0.327965,-0.345389,-0.335968,-0.2921,-0.181648,-0.0702132,0.0915282,0.225479,0.357717,0.453705,0.497013,0.511792,0.448549,0.373683,0.228047,0.0927983,-0.0812452,-0.222154,-0.361069,-0.449981,-0.503755,-0.503529,-0.453919,-0.362849,-0.230088,-0.0825626,0.238617,-0.239995,-0.685768,-1.07209,-1.34665,-1.49198,-1.49058,-1.33765,-1.06299,-0.66768,-0.228855,0.26096,0.691036,1.0911,1.34356,1.50197,1.47815,1.33172,1.04069,0.639969,0.193113,-0.309592,-0.741517,-1.1407,-1.39399,-1.5194,-1.50619,-1.31446,-1.03993,-0.62218,-0.1617,0.308614,0.78147,1.12798,1.39993,1.53222,1.48306,1.33313,1.01586,0.600376,0.164893,-0.33924,-0.78923,-1.13054,-1.41526,-1.53411,-1.47387,-1.32254,-1.01855,-0.578949,-0.142821,0.237072,0.553488,0.732302,0.795728,0.793681,0.712351,0.557352,0.383444,0.217581,0.0526913,-0.0970739,-0.202166,-0.259359,-0.286084,-0.288018,-0.258534,-0.201186,-0.133961,-0.0725594,-0.0197425,0.0281287,0.0703926,0.100465,0.11217,0.105362,0.0859675,0.0621192,0.0402963,0.0237097,0.0127568,0.00631792,0.00289591,0.00123411,0.000490864,0.000182827,6.39494e-05,2.10587e-05,6.543e-06,1.9218e-06,5.34523e-07,1.40998e-07,3.53216e-08,8.41344e-09,1.9076e-09,4.12107e-10,8.49031e-11,1.66945e-11,3.13524e-12,5.62722e-13,9.65818e-14,1.58598e-14,2.49288e-15,3.75218e-16,5.41004e-17,7.47457e-18,9.89824e-19,1.25665e-19,1.52981e-20,1.78603e-21,1.99995e-22,2.14812e-23,2.21321e-24,2.18734e-25,2.07359e-26,1.88545e-27,1.64416e-28,1.37484e-29,1.1022e-30,8.46998e-32,6.23742e-33,4.4005e-34,2.97325e-35,1.92323e-36,1.19047e-37,7.04841e-39,3.98958e-40,2.15764e-41,1.11423e-42,5.4906e-44,2.5798e-45,1.15483e-46,4.92064e-48,1.99377e-49,7.67382e-51,2.80232e-52,9.69695e-54,3.17503e-55,9.82157e-57,2.86542e-58,7.86948e-60,2.03022e-61,4.90862e-63,1.10933e-64,2.33656e-66,4.57153e-68,8.27719e-70,1.38178e-71,8.21601e-73
-0.663042,-0.66512,-0.628165,-0.488422,-0.309844,-0.1344,0.0945976,0.311301,0.460558,0.600428,0.680422,0.667639,0.611683,0.484551,0.316533,0.124099,-0.114171,-0.304998,-0.466151,-0.608391,-0.669564,-0.685255,-0.604609,-0.467657,-0.314373,-0.106886,0.0884079,0.311709,0.495653,0.619621,0.686533,0.651247,0.585479,0.441319,0.294277,0.114315,-0.0578976,-0.214646,-0.357543,-0.442998,-0.509598,-0.495216,-0.464585,-0.354326,-0.242794,-0.0746009,0.0696069,0.236699,0.352307,0.460026,0.496646,1.49724,1.48411,1.3503,1.05709,0.687534,0.220736,-0.236285,-0.703682,-1.06632,-1.36109,-1.48465,-1.49956,-1.3337,-1.06845,-0.677771,-0.237521,0.225874,0.67509,1.03656,1.33073,1.45751,1.48152,1.32337,1.05388,0.676273,0.218366,-0.225799,-0.690678,-1.05113,-1.33239,-1.47983,-1.4548,-1.33115,-1.03615,-0.659552,-0.223966,0.266768,0.683828,1.06717,1.35001,1.45894,1.47215,1.31979,1.01656,0.659091,0.201706,-0.280426,-0.693373,-1.07896,-1.35825,-1.30757,-1.17119,-0.948161,-0.64613,-0.35214,-0.0891396,0.152632,0.333608,0.4342,0.480724,0.480165,0.423894,0.331741,0.232282,0.130964,0.0283851,-0.0598986,-0.119997,-0.155044,-0.173177,-0.17397,-0.154346,-0.11934,-0.0800834,-0.0441629,-0.0121722,0.0174222,0.0431663,0.0608454,0.0672256,0.0627378,0.0510915,0.0370112,0.0241681,0.0143677,0.00783712,0.00394714,0.00184512,0.000804032,0.00032782,0.000125456,4.51891e-05,1.53571e-05,4.93435e-06,1.50179e-06,4.3368e-07,1.19001e-07,3.10692e-08,7.72724e-09,1.83274e-09,4.14936e-10,8.97519e-11,1.85624e-11,3.67338e-12,6.96014e-13,1.26342e-13,2.19829e-14,3.66806e-15,5.87204e-16,9.02214e-17,1.3309e-17,1.88551e-18,2.56609e-19,3.35564e-20,4.21716e-21,5.0942e-22,5.9156e-23,6.60433e-24,7.08914e-25,7.31659e-26,7.26065e-27,6.92761e-28,6.35489e-29,5.60419e-30,4.7506e-31,3.87036e-32,3.03002e-33,2.27898e-34,1.64639e-35,1.1421e-36,7.60531e-38,4.85988e-39,2.97895e-40,1.75083e-41,9.86207e-43,5.32125e-44,2.74876e-45,1.35855e-46,6.4201e-48,2.89882e-49,1.2496e-50,5.13833e-52,2.01358e-53,7.5123e-55,2.66534e-56,8.98227e-58,2.87145e-59,8.713e-61,9.08928e-62
-0.0872309,0.0123509,0.132051,0.213492,0.278006,0.33895,0.33437,0.306243,0.274676,0.174762,0.0745994,-0.00920567,-0.13233,-0.221564,-0.282999,-0.330788,-0.33158,-0.324073,-0.257171,-0.165455,-0.0904773,0.0268509,0.126478,0.228092,0.29475,0.314299,0.340655,0.31065,0.271077,0.174167,0.0644371,-0.0355857,-0.138738,-0.200728,-0.282896,-0.317972,-0.35752,-0.33505,-0.286319,-0.18531,-0.054698,0.0872074,0.239193,0.355334,0.460196,0.496174,0.511359,0.446922,0.369511,0.223787,0.0886785,-0.244699,0.246145,0.679242,1.07873,1.33874,1.49883,1.47937,1.34226,1.04412,0.663577,0.195912,-0.281385,-0.738138,-1.12441,-1.38623,-1.52911,-1.4919,-1.34396,-1.02828,-0.64991,-0.173543,0.300405,0.752665,1.13658,1.38294,1.53115,1.4903,1.33672,1.02781,0.618701,0.173633,-0.327824,-0.758078,-1.14215,-1.40535,-1.51032,-1.50963,-1.31587,-1.01252,-0.624636,-0.135233,0.326396,0.774572,1.16137,1.39377,1.52765,1.50248,1.29896,1.01369,0.6065,0.124987,-0.244268,-0.536977,-0.736486,-0.804597,-0.787452,-0.708746,-0.561767,-0.385454,-0.215145,-0.0501059,0.0957707,0.198234,0.259993,0.291443,0.28834,0.252058,0.198965,0.140575,0.0777747,0.0152251,-0.0361988,-0.0712542,-0.0931923,-0.104894,-0.10475,-0.0919881,-0.0709392,-0.0480454,-0.0268585,-0.00738181,0.0108446,0.0264311,0.0367892,0.0402589,0.0373611,0.0303823,0.0220661,0.0144995,0.00870313,0.00480778,0.00245915,0.00117048,0.000520582,0.000217125,8.51821e-05,3.15179e-05,1.10241e-05,3.65252e-06,1.1484e-06,3.43193e-07,9.76249e-08,2.64679e-08,6.84736e-09,1.69211e-09,3.99806e-10,9.0399e-11,1.95755e-11,4.06262e-12,8.08591e-13,1.54432e-13,2.83181e-14,4.98796e-15,8.44319e-16,1.374e-16,2.15043e-17,3.23785e-18,4.69148e-19,6.54326e-20,8.78633e-21,1.13615e-21,1.41496e-22,1.69745e-23,1.96174e-24,2.18429e-25,2.34332e-26,2.42223e-27,2.41249e-28,2.31512e-29,2.14052e-30,1.90666e-31,1.63604e-32,1.35216e-33,1.07625e-34,8.24844e-36,6.08581e-37,4.32168e-38,2.953e-39,1.941e-40,1.22688e-41,7.45482e-43,4.35276e-44,2.44119e-45,1.31446e-46,6.79182e-48,3.36573e-49,1.59873e-50,7.30661e-52,1.0866e-52
0.667313,0.679262,0.610255,0.491282,0.326381,0.113667,-0.0902657,-0.294054,-0.483389,-0.592343,-0.669492,-0.685827,-0.597782,-0.489851,-0.323093,-0.105918,0.0973259,0.307496,0.470513,0.606919,0.681759,0.659362,0.611575,0.483358,0.314966,0.104187,-0.118071,-0.297565,-0.483388,-0.602724,-0.686221,-0.67255,-0.595688,-0.472623,-0.300023,-0.119026,0.111818,0.310837,0.51024,0.619272,0.682947,0.649981,0.575654,0.44077,0.286526,0.11153,-0.0618192,-0.220635,-0.357156,-0.450127,-0.505163,-1.48954,-1.49528,-1.34645,-1.0746,-0.693467,-0.251229,0.214073,0.658754,1.03245,1.31752,1.45945,1.48037,1.32787,1.07305,0.676413,0.250702,-0.232834,-0.660278,-1.05074,-1.3235,-1.46907,-1.47636,-1.31634,-1.06192,-0.665278,-0.237498,0.243221,0.683388,1.05034,1.34068,1.46222,1.47661,1.3155,1.03864,0.671412,0.201514,-0.24325,-0.695453,-1.07547,-1.32584,-1.48448,-1.46117,-1.30883,-1.0429,-0.635319,-0.204747,0.259054,0.722296,1.06798,1.34059,1.33211,1.1641,0.936176,0.659701,0.351481,0.0800933,-0.147096,-0.330244,-0.439309,-0.481144,-0.476847,-0.424003,-0.333859,-0.232734,-0.129194,-0.0271156,0.0580151,0.117887,0.157038,0.176197,0.172294,0.150367,0.119868,0.0846652,0.0458129,0.00832729,-0.0215917,-0.0424599,-0.0562427,-0.0634809,-0.0628979,-0.0547883,-0.0422658,-0.0288966,-0.0163056,-0.0044138,0.00676735,0.0161581,0.0222123,0.0240953,0.0222521,0.0180771,0.0131635,0.00870126,0.00526994,0.00294565,0.00152839,0.000739677,0.000335238,0.000142775,5.73081e-05,2.17348e-05,7.80629e-06,2.66037e-06,8.61803e-07,2.65781e-07,7.81449e-08,2.19324e-08,5.88268e-09,1.50945e-09,3.7087e-10,8.73289e-11,1.97227e-11,4.27516e-12,8.90022e-13,1.78061e-13,3.42524e-14,6.33846e-15,1.12887e-15,1.93574e-16,3.19712e-17,5.08776e-18,7.80339e-19,1.15385e-19,1.64524e-20,2.26266e-21,3.00195e-22,3.84286e-23,4.74715e-24,5.65966e-25,6.5128e-26,7.23428e-27,7.75705e-28,8.02938e-29,8.02334e-30,7.73942e-31,7.20654e-32,6.47716e-33,5.61885e-34,4.70403e-35,3.80014e-36,2.96191e-37,2.22697e-38,1.61489e-39,1.12917e-40,7.61142e-42,4.94483e-43,3.11933e-44,6.01824e-45
0.089708,-0.0223961,-0.123357,-0.212938,-0.289063,-0.324584,-0.340109,-0.316549,-0.253985,-0.189315,-0.0790279,0.0288682,0.113527,0.227935,0.287927,0.320005,0.345937,0.31065,0.260966,0.172029,0.0828047,-0.0187109,-0.14319,-0.213045,-0.288888,-0.327037,-0.343453,-0.315845,-0.243249,-0.182148,-0.0757271,0.0200972,0.144973,0.224653,0.287139,0.323148,0.334149,0.325335,0.255126,0.175199,0.0531212,-0.0328934,-0.138509,-0.201196,-0.285286,-0.323078,-0.362607,-0.336272,-0.292861,-0.184327,-0.0709599,0.236311,-0.265331,-0.714729,-1.11535,-1.37765,-1.52761,-1.49693,-1.34944,-1.03972,-0.662705,-0.185548,0.277989,0.749132,1.11361,1.39339,1.5143,1.5029,1.33936,1.03653,0.645476,0.167529,-0.292108,-0.761333,-1.12209,-1.39988,-1.51971,-1.49474,-1.33824,-1.01872,-0.635218,-0.154841,0.313276,0.76365,1.14845,1.38756,1.5332,1.49252,1.31832,1.02604,0.601873,0.156064,-0.334423,-0.78482,-1.13719,-1.41759,-1.52092,-1.4855,-1.32838,-0.994902,-0.598296,-0.147846,0.259001,0.540519,0.722947,0.812893,0.790866,0.700323,0.565028,0.389388,0.210586,0.0497347,-0.0924916,-0.199218,-0.261857,-0.290481,-0.287167,-0.252582,-0.200082,-0.14045,-0.0763939,-0.0150332,0.0344775,0.0706967,0.0951649,0.106012,0.102806,0.0900821,0.0722898,0.0507129,0.0269122,0.00470547,-0.0128044,-0.025423,-0.0340258,-0.0383554,-0.0376864,-0.0326358,-0.0252385,-0.0174073,-0.00987637,-0.00260702,0.00422631,0.00986207,0.0133947,0.0144146,0.0132555,0.0107611,0.00785664,0.00522286,0.00319002,0.00180273,0.000947876,0.000465871,0.00021486,9.32936e-05,3.82464e-05,1.48404e-05,5.46207e-06,1.91056e-06,6.362e-07,2.01985e-07,6.12252e-08,1.77404e-08,4.91931e-09,1.30675e-09,3.32834e-10,8.13537e-11,1.90974e-11,4.30848e-12,9.34778e-13,1.95157e-13,3.9227e-14,7.59504e-15,1.41715e-15,2.54934e-16,4.42312e-17,7.40409e-18,1.19618e-18,1.86565e-19,2.80986e-20,4.08757e-21,5.74463e-22,7.80116e-23,1.02383e-23,1.29877e-24,1.59266e-25,1.88819e-26,2.1644e-27,2.39897e-28,2.57115e-29,2.66475e-30,2.67063e-31,2.58819e-32,2.42543e-33,2.19771e-34,1.92536e-35,1.63083e-36,1.35175e-37,3.20751e-38
-0.673304,-0.672719,-0.612485,-0.494738,-0.318656,-0.122455,0.0950402,0.298663,0.468752,0.608836,0.66419,0.673546,0.61963,0.47441,0.323322,0.116227,-0.109264,-0.296714,-0.480515,-0.601723,-0.677845,-0.668754,-0.602154,-0.495047,-0.301035,-0.108441,0.109142,0.302598,0.485448,0.615837,0.663153,0.673754,0.600686,0.491256,0.294282,0.0987973,-0.116565,-0.305774,-0.485154,-0.618839,-0.679187,-0.672993,-0.589266,-0.478274,-0.306993,-0.127559,0.099096,0.292082,0.480111,0.580174,0.644544,1.60103,1.59589,1.41315,1.13339,0.72199,0.279885,-0.20967,-0.644278,-1.03982,-1.31063,-1.47254,-1.47119,-1.33343,-1.06142,-0.684524,-0.249725,0.230108,0.662173,1.05691,1.31335,1.47839,1.46504,1.3305,1.04992,0.671642,0.236576,-0.248011,-0.672182,-1.06597,-1.32482,-1.47451,-1.47111,-1.3111,-1.0536,-0.650557,-0.219464,0.250427,0.701742,1.05867,1.34645,1.46845,1.46478,1.32115,1.01932,0.657339,0.198753,-0.274879,-0.693911,-1.08896,-1.34346,-1.31274,-1.18102,-0.933855,-0.649678,-0.362191,-0.0780549,0.1532,0.323847,0.439753,0.485491,0.473547,0.422967,0.336835,0.23188,0.127516,0.0283808,-0.0572916,-0.118894,-0.157406,-0.175509,-0.17189,-0.150883,-0.120471,-0.0842017,-0.0449638,-0.00875303,0.0204829,0.0427473,0.0575949,0.0635353,0.0614193,0.0541431,0.0435364,0.0302435,0.0158317,0.00274925,-0.00759314,-0.0152944,-0.0206057,-0.0231301,-0.0225462,-0.0194524,-0.015101,-0.0104951,-0.00596725,-0.00152332,0.00263834,0.00600994,0.00806887,0.00862026,0.00789765,0.00640884,0.0046914,0.0031356,0.00193042,0.00110215,0.000586739,0.00029255,0.00013713,6.06222e-05,2.53447e-05,1.00447e-05,3.78184e-06,1.35514e-06,4.62921e-07,1.50977e-07,4.70736e-08,1.40485e-08,4.01736e-09,1.1019e-09,2.90156e-10,7.34114e-11,1.78595e-11,4.18073e-12,9.42298e-13,2.04614e-13,4.28278e-14,8.64527e-15,1.68381e-15,3.16557e-16,5.7468e-17,1.00779e-17,1.70776e-18,2.79721e-19,4.42984e-20,6.78458e-21,1.00515e-21,1.44077e-22,1.99849e-23,2.68299e-24,3.48669e-25,4.38668e-26,5.34361e-27,6.30304e-28,7.19967e-29,7.9643e-30,8.53393e-31,9.01609e-32,2.54359e-32
-0.0826588,0.0176728,0.122843,0.217611,0.282755,0.330684,0.33606,0.315361,0.263198,0.174278,0.0908227,-0.0271462,-0.130412,-0.206551,-0.299295,-0.323962,-0.333777,-0.321575,-0.252946,-0.180344,-0.0756413,0.0186463,0.135137,0.223706,0.278492,0.338476,0.334741,0.315493,0.247579,0.182839,0.0784456,-0.0370146,-0.130396,-0.222775,-0.282697,-0.344635,-0.333275,-0.314996,-0.249048,-0.192451,-0.0883074,0.0113838,0.116984,0.18736,0.245565,0.287754,0.311964,0.304487,0.251798,0.173636,0.0755522,-0.167886,0.371296,0.879491,1.28271,1.5533,1.66184,1.61531,1.42359,1.10069,0.687052,0.203325,-0.274648,-0.740883,-1.10862,-1.3963,-1.5115,-1.50958,-1.32798,-1.04752,-0.635423,-0.178369,0.302094,0.755321,1.12325,1.40344,1.511,1.50783,1.32374,1.03143,0.626218,0.158248,-0.308542,-0.777414,-1.12927,-1.4048,-1.5248,-1.48934,-1.3312,-1.00812,-0.618933,-0.14615,0.336769,0.769324,1.1599,1.39932,1.52332,1.50223,1.3015,1.01477,0.599632,0.131022,-0.242422,-0.545528,-0.7298,-0.802567,-0.795747,-0.70334,-0.558719,-0.392661,-0.212506,-0.0457582,0.0908516,0.197474,0.264275,0.290197,0.285573,0.253662,0.20069,0.139429,0.076336,0.0157486,-0.034561,-0.0711906,-0.0951411,-0.105588,-0.102717,-0.090538,-0.0724949,-0.0501897,-0.026578,-0.00527374,0.0123024,0.0259562,0.0347378,0.0380064,0.0367827,0.0325953,0.0261551,0.0179893,0.00934958,0.00164727,-0.00452037,-0.00923725,-0.0124777,-0.0139223,-0.0134757,-0.0116053,-0.00905058,-0.00632951,-0.00359631,-0.000881509,0.00164512,0.00365708,0.00485623,0.00515369,0.00470636,0.00381845,0.0028025,0.00188281,0.00116786,0.000673229,0.000362578,0.000183226,8.71954e-05,3.91979e-05,1.66898e-05,6.74634e-06,2.59418e-06,9.50679e-07,3.32559e-07,1.11207e-07,3.55949e-08,1.09182e-08,3.21278e-09,9.0783e-10,2.46551e-10,6.4408e-11,1.61968e-11,3.92352e-12,9.16119e-13,2.06306e-13,4.48321e-14,9.4059e-15,1.9061e-15,3.73258e-16,7.0658e-17,1.29348e-17,2.29061e-18,3.92526e-19,6.5108e-20,1.0456e-20,1.62615e-21,2.44973e-22,3.57538e-23,5.05655e-24,6.9308e-25,9.21169e-26,1.21674e-26,3.98892e-27
0.666707,0.677117,0.612652,0.490951,0.324003,0.116795,-0.0900527,-0.300505,-0.473654,-0.596158,-0.679378,-0.666005,-0.612054,-0.49425,-0.303725,-0.123542,0.102936,0.307987,0.472281,0.607615,0.669435,0.678738,0.597912,0.489703,0.311316,0.0988218,-0.0999524,-0.312401,-0.479137,-0.617641,-0.662348,-0.676844,-0.610298,-0.482901,-0.308778,-0.113056,0.0819989,0.294907,0.450584,0.576405,0.6224,0.649453,0.583538,0.478297,0.294823,0.117613,-0.0927654,-0.275812,-0.462101,-0.576886,-0.648174,-1.61893,-1.61694,-1.44179,-1.14894,-0.71399,-0.22412,0.319431,0.800759,1.21979,1.47677,1.61807,1.57586,1.42037,1.10473,0.722527,0.256113,-0.210042,-0.666917,-1.04711,-1.31883,-1.47457,-1.46439,-1.33455,-1.04209,-0.683279,-0.222858,0.235576,0.680947,1.06139,1.32476,1.48078,1.45778,1.32883,1.03762,0.658539,0.222162,-0.262084,-0.68549,-1.0746,-1.33542,-1.47067,-1.47346,-1.30338,-1.03938,-0.644809,-0.195974,0.256549,0.7186,1.07239,1.34092,1.32843,1.16568,0.93935,0.654739,0.352985,0.08381,-0.152259,-0.328989,-0.435538,-0.48559,-0.476602,-0.420227,-0.336848,-0.233929,-0.12592,-0.0280185,0.0558434,0.119574,0.158064,0.174639,0.171853,0.151525,0.12025,0.0838187,0.0452028,0.008995,-0.0206595,-0.0429624,-0.057476,-0.0632818,-0.0615021,-0.0544614,-0.0434855,-0.0298553,-0.0158268,-0.00319621,0.00748329,0.0157605,0.0208795,0.0227357,0.0220819,0.0196253,0.0156728,0.0106911,0.00554808,0.00100052,-0.00270728,-0.00559457,-0.00754992,-0.00836588,-0.00805058,-0.00693124,-0.00543167,-0.00381682,-0.00216215,-0.000505572,0.00102414,0.00222231,0.00292043,0.00308054,0.00280517,0.00227596,0.00167475,0.00113073,0.000706357,0.000410895,0.000223717,0.000114485,5.52594e-05,2.52334e-05,1.0929e-05,4.49985e-06,1.76479e-06,6.60432e-07,2.36204e-07,8.08499e-08,2.65192e-08,8.345e-09,2.52193e-09,7.3265e-10,2.04783e-10,5.51153e-11,1.4294e-11,3.57462e-12,8.62532e-13,2.00928e-13,4.52121e-14,9.83188e-15,2.06721e-15,4.20418e-16,8.27372e-17,1.57616e-17,2.90756e-18,5.19541e-19,8.99501e-20,1.50938e-20,2.45724e-21,4.00988e-22,1.50351e-22
0.0878319,-0.0227647,-0.120407,-0.216806,-0.286414,-0.324603,-0.343499,-0.30956,-0.262742,-0.184056,-0.0742424,0.0125677,0.132961,0.219364,0.278322,0.340278,0.33024,0.31499,0.26073,0.176159,0.0799206,-0.0284932,-0.121935,-0.231844,-0.281103,-0.331031,-0.343557,-0.312172,-0.261457,-0.181637,-0.100137,0.0207481,0.0972796,0.188558,0.248678,0.300988,0.301449,0.290049,0.256119,0.184147,0.0924401,-0.0124631,-0.0925864,-0.189569,-0.251833,-0.306325,-0.299668,-0.296618,-0.244153,-0.190801,-0.0811806,0.16315,-0.355588,-0.872436,-1.26877,-1.56102,-1.66961,-1.64742,-1.44509,-1.12864,-0.669592,-0.152748,0.399599,0.890125,1.29085,1.55546,1.66059,1.61527,1.40767,1.09836,0.662273,0.202018,-0.301053,-0.740528,-1.13333,-1.3902,-1.5195,-1.50389,-1.32287,-1.03574,-0.618008,-0.171006,0.324269,0.763453,1.13594,1.40827,1.51268,1.50555,1.31606,1.01823,0.616319,0.140252,-0.323274,-0.786689,-1.14512,-1.40448,-1.53164,-1.48296,-1.32265,-1.00328,-0.594119,-0.146515,0.256154,0.540903,0.725291,0.810765,0.790148,0.703352,0.562784,0.388499,0.213664,0.0477245,-0.0935948,-0.196406,-0.263164,-0.291977,-0.284918,-0.252839,-0.201828,-0.139211,-0.0756259,-0.0163846,0.0344217,0.0717456,0.0949532,0.105269,0.102984,0.0906759,0.0722687,0.0501297,0.0267486,0.00532707,-0.0124432,-0.0260351,-0.0346004,-0.0378912,-0.0369283,-0.0327526,-0.0260065,-0.0177823,-0.00947864,-0.00190954,0.00458974,0.00954466,0.0125208,0.0136178,0.0132797,0.0118054,0.00937216,0.00635685,0.00330728,0.000609621,-0.00163212,-0.00339397,-0.00456279,-0.00502007,-0.00480913,-0.00414428,-0.00326314,-0.00230069,-0.00129695,-0.000287523,0.000636361,0.00134874,0.0017551,0.00184106,0.00167232,0.00135706,0.00100115,0.000679149,0.000427125,0.000250599,0.000137847,7.13811e-05,3.49154e-05,1.61796e-05,7.1207e-06,2.9829e-06,1.19166e-06,4.54792e-07,1.66066e-07,5.8097e-08,1.94972e-08,6.28385e-09,1.94696e-09,5.80463e-10,1.66667e-10,4.61235e-11,1.23115e-11,3.17176e-12,7.89159e-13,1.89735e-13,4.41046e-14,9.91706e-15,2.15797e-15,4.54627e-16,9.27696e-17,1.8369e-17,3.68043e-18,1.56088e-18
-0.669751,-0.670808,-0.619151,-0.486996,-0.323396,-0.12288,0.100474,0.289773,0.478629,0.601836,0.66339,0.685118,0.600529,0.490952,0.319964,0.1044,-0.0915295,-0.30884,-0.476557,-0.606076,-0.669554,-0.677004,-0.612632,-0.479052,-0.330711,-0.112634,0.0837421,0.281187,0.445593,0.573047,0.634613,0.634124,0.596554,0.467847,0.316609,0.116373,-0.074468,-0.293025,-0.446847,-0.571359,-0.632598,-0.651981,-0.584927,-0.465853,-0.305079,-0.117024,0.0907865,0.291848,0.451229,0.571996,0.638169,1.63819,1.62029,1.44594,1.12778,0.711589,0.219884,-0.299238,-0.794911,-1.20845,-1.48605,-1.62547,-1.60423,-1.45005,-1.12829,-0.711291,-0.189954,0.323792,0.831207,1.21175,1.49442,1.60635,1.58254,1.40184,1.10085,0.71,0.238594,-0.219764,-0.684762,-1.04931,-1.33502,-1.46793,-1.46819,-1.32431,-1.03296,-0.671447,-0.205302,0.246906,0.694617,1.07345,1.32892,1.48294,1.45856,1.31666,1.03244,0.641904,0.208845,-0.274858,-0.70297,-1.07724,-1.3503,-1.31292,-1.17738,-0.936464,-0.649952,-0.360423,-0.0788614,0.152094,0.325601,0.439304,0.484089,0.475377,0.422596,0.3354,0.233555,0.127376,0.026953,-0.0559968,-0.118623,-0.158749,-0.174815,-0.171189,-0.151885,-0.120505,-0.0833724,-0.0452894,-0.00928228,0.0208792,0.0430694,0.0572676,0.0632801,0.0616541,0.0544296,0.0433771,0.0298829,0.0159188,0.00318332,-0.00757973,-0.0157621,-0.0207682,-0.0227192,-0.0222103,-0.0196626,-0.0155317,-0.0106213,-0.00568865,-0.001116,0.00282149,0.00576051,0.00750163,0.00817075,0.00799284,0.00709158,0.00559705,0.00378492,0.00197864,0.00036982,-0.000989945,-0.00206034,-0.00275375,-0.00300914,-0.00287338,-0.00248059,-0.0019618,-0.00138596,-0.000776334,-0.000162179,0.00039462,0.000817619,0.00105416,0.00110017,0.000997163,0.000809429,0.000598656,0.000407966,0.000258223,0.000152735,8.48319e-05,4.44205e-05,2.20017e-05,1.03373e-05,4.61846e-06,1.96634e-06,7.99295e-07,3.1072e-07,1.1569e-07,4.1311e-08,1.41648e-08,4.6688e-09,1.48077e-09,4.52332e-10,1.33192e-10,3.78341e-11,1.0375e-11,2.74836e-12,7.03735e-13,1.74301e-13,4.18914e-14,1.02924e-14,4.90096e-15
-0.0874134,0.0152245,0.131527,0.207007,0.290245,0.329428,0.330826,0.325213,0.251634,0.183946,0.0872083,-0.0330654,-0.115292,-0.225425,-0.286768,-0.325309,-0.345485,-0.312147,-0.266321,-0.183901,-0.0995046,0.0129177,0.0968132,0.183966,0.258873,0.282246,0.313073,0.290871,0.255301,0.178257,0.106154,-0.00518888,-0.102576,-0.180143,-0.254602,-0.294788,-0.312893,-0.285881,-0.262054,-0.174827,-0.0930579,0.0119986,0.0870895,0.193488,0.253401,0.302091,0.300073,0.301289,0.246845,0.180458,0.0796665,-0.156259,0.36628,0.863833,1.25707,1.55883,1.68519,1.65788,1.43775,1.1137,0.6603,0.162508,-0.39122,-0.874231,-1.29281,-1.55016,-1.68145,-1.63297,-1.45225,-1.11127,-0.655014,-0.130441,0.416941,0.901425,1.30762,1.54782,1.66993,1.60004,1.40966,1.07752,0.656342,0.183323,-0.313535,-0.752616,-1.14646,-1.39044,-1.5273,-1.49676,-1.31565,-1.02668,-0.602715,-0.154906,0.335038,0.781039,1.14278,1.4146,1.51664,1.49751,1.31466,1.0005,0.607271,0.131541,-0.247122,-0.541488,-0.73076,-0.803988,-0.794167,-0.703529,-0.55972,-0.391806,-0.212231,-0.0468642,0.0916094,0.197865,0.263139,0.290899,0.286012,0.252596,0.201219,0.139962,0.0754199,0.0159811,-0.033921,-0.0718392,-0.0952697,-0.10496,-0.102959,-0.0909322,-0.0721242,-0.0500193,-0.0269196,-0.00532464,0.0125704,0.0259835,0.0345233,0.0379491,0.0369757,0.0327041,0.0259679,0.017822,0.00952131,0.0018739,-0.00464241,-0.00951013,-0.0124554,-0.0136498,-0.0133591,-0.0117821,-0.00927862,-0.00636062,-0.00341023,-0.000638866,0.00173043,0.00346635,0.00449597,0.00491051,0.0048109,0.00425374,0.00334066,0.00225757,0.00118659,0.000222336,-0.000603406,-0.00125061,-0.00165966,-0.00180237,-0.00171749,-0.00148624,-0.00118,-0.000834318,-0.000463813,-9.07288e-05,0.000244216,0.000495126,0.000632836,0.000657387,0.0005947,0.000482941,0.000358078,0.00024509,0.00015608,9.30314e-05,5.21469e-05,2.75947e-05,1.38302e-05,6.58323e-06,2.98325e-06,1.2897e-06,5.32884e-07,2.1078e-07,7.99309e-08,2.90977e-08,1.01806e-08,3.42716e-09,1.11113e-09,3.47267e-10,1.04748e-10,3.06614e-11,9.27205e-12,4.93679e-12
0.67215,0.679076,0.603951,0.502545,0.314401,0.120794,-0.0874055,-0.308892,-0.462241,-0.608349,-0.671938,-0.668621,-0.623305,-0.484305,-0.329081,-0.12729,0.0811074,0.27548,0.443568,0.564904,0.639714,0.632137,0.598246,0.472174,0.318942,0.133386,-0.0831892,-0.274381,-0.447339,-0.564325,-0.646777,-0.632697,-0.594849,-0.474174,-0.312119,-0.114229,0.0804588,0.280928,0.45232,0.565819,0.643078,0.645101,0.588513,0.45788,0.315443,0.111324,-0.0893795,-0.296405,-0.440566,-0.57951,-0.640103,-1.64005,-1.60595,-1.4537,-1.13422,-0.717523,-0.200374,0.298448,0.789851,1.18894,1.4984,1.63345,1.61943,1.43122,1.12118,0.700311,0.204374,-0.319181,-0.816821,-1.20746,-1.49767,-1.61765,-1.6153,-1.43201,-1.13207,-0.68144,-0.18134,0.350818,0.838926,1.22273,1.49895,1.60276,1.58226,1.38871,1.09783,0.689105,0.23102,-0.235867,-0.699342,-1.05555,-1.34376,-1.47052,-1.46283,-1.32047,-1.02146,-0.656508,-0.195203,0.266968,0.701854,1.08753,1.33455,1.32613,1.17173,0.93449,0.656105,0.35443,0.0817306,-0.151301,-0.328545,-0.43646,-0.485235,-0.476141,-0.420901,-0.336711,-0.233388,-0.126571,-0.0279291,0.0563967,0.118963,0.158102,0.175182,0.171343,0.151456,0.12077,0.0834771,0.0449929,0.00944166,-0.0207712,-0.0432758,-0.0572041,-0.0631621,-0.0617798,-0.0544452,-0.0432715,-0.0299257,-0.0159792,-0.00312602,0.00760477,0.0157119,0.0207602,0.0227588,0.0222147,0.0196289,0.0155248,0.0106544,0.00570025,0.00108009,-0.00283869,-0.00572099,-0.0074772,-0.00821231,-0.00802714,-0.00705218,-0.00555015,-0.00381463,-0.00203841,-0.000360453,0.00105631,0.00208196,0.00269753,0.00295466,0.0028941,0.00254835,0.00199405,0.001349,0.000712429,0.000132147,-0.000369092,-0.000758618,-0.000998969,-0.00107903,-0.00102714,-0.000891256,-0.000709949,-0.000501844,-0.000276623,-5.03276e-05,0.000150836,0.000299547,0.000379743,0.000392789,0.000354743,0.000288228,0.000214234,0.000147255,9.43236e-05,5.66341e-05,3.2022e-05,1.7115e-05,8.67431e-06,4.18017e-06,1.91984e-06,8.42037e-07,3.53324e-07,1.42065e-07,5.48195e-08,2.03451e-08,7.32999e-09,2.75447e-09,1.63853e-09
0.0824422,-0.0232931,-0.114119,-0.226837,-0.277114,-0.331922,-0.343688,-0.30886,-0.27654,-0.181836,-0.0996849,4.14719e-05,0.104647,0.178233,0.253417,0.289157,0.308848,0.289905,0.258081,0.184294,0.0993009,0.0102364,-0.107048,-0.174105,-0.256471,-0.29324,-0.308421,-0.294257,-0.256223,-0.182539,-0.0896764,-0.00702628,0.106839,0.177145,0.254322,0.293301,0.320548,0.28389,0.25384,0.180584,0.0934976,-0.00897127,-0.0951823,-0.18744,-0.257389,-0.294704,-0.309346,-0.296046,-0.250076,-0.17173,-0.0916949,0.161434,-0.366968,-0.854323,-1.27175,-1.55576,-1.6837,-1.64435,-1.4524,-1.11826,-0.660242,-0.14288,0.386465,0.862411,1.28334,1.55999,1.69583,1.63424,1.44518,1.09074,0.661342,0.130468,-0.398943,-0.900557,-1.29147,-1.5586,-1.6797,-1.63184,-1.45162,-1.09132,-0.646069,-0.102532,0.428103,0.921953,1.30872,1.55699,1.6662,1.59294,1.40677,1.06026,0.646687,0.168488,-0.329644,-0.763185,-1.15653,-1.3984,-1.5247,-1.498,-1.30446,-1.01657,-0.591138,-0.1414,0.248801,0.545882,0.7243,0.808887,0.792626,0.702022,0.562591,0.389453,0.212969,0.0476881,-0.0930981,-0.19676,-0.263294,-0.291548,-0.285179,-0.253013,-0.201406,-0.139446,-0.07581,-0.0159852,0.0342288,0.0715434,0.0953086,0.105157,0.102752,0.0909577,0.0722674,0.0498822,0.0269138,0.00543762,-0.0126474,-0.0260197,-0.0344391,-0.0379724,-0.037028,-0.0326583,-0.0259497,-0.017865,-0.00951888,-0.00184201,0.00463254,0.00948728,0.0124656,0.0136686,0.0133508,0.0117633,0.00928531,0.00638188,0.00340482,0.000614099,-0.00172678,-0.00343778,-0.00449614,-0.00494241,-0.00481705,-0.00422039,-0.00332482,-0.00228807,-0.00121445,-0.00020206,0.000641542,0.00124965,0.00162075,0.00177893,0.00173951,0.00152532,0.00119089,0.000807369,0.000427803,7.7568e-05,-0.000226247,-0.000459716,-0.000600609,-0.000645822,-0.000614645,-0.000534859,-0.000427184,-0.000301614,-0.000164725,-2.76655e-05,9.29823e-05,0.000181066,0.000227786,0.000234686,0.000211646,0.000172066,0.000128203,8.84803e-05,5.69927e-05,3.44589e-05,1.96453e-05,1.05999e-05,5.43004e-06,2.64888e-06,1.23607e-06,5.60289e-07,2.66241e-07,1.77532e-07
-0.666933,-0.67453,-0.624166,-0.487669,-0.339289,-0.129748,0.0744409,0.26541,0.446654,0.557573,0.63697,0.64129,0.589757,0.481952,0.325005,0.135279,-0.0739582,-0.263821,-0.450381,-0.558889,-0.640135,-0.64609,-0.583163,-0.487346,-0.312392,-0.128195,0.0823606,0.270517,0.450142,0.560486,0.642783,0.648965,0.582081,0.475973,0.310486,0.121286,-0.0894703,-0.271714,-0.459081,-0.565081,-0.64189,-0.641309,-0.594626,-0.456931,-0.312027,-0.112763,0.0884479,0.295504,0.443045,0.578365,0.641709,1.63561,1.60875,1.45585,1.13435,0.710325,0.20395,-0.291684,-0.792849,-1.19686,-1.49792,-1.62137,-1.6216,-1.43689,-1.13347,-0.684862,-0.198352,0.322078,0.791692,1.2135,1.50153,1.63614,1.61036,1.42336,1.11771,0.68188,0.192616,-0.349542,-0.817676,-1.22745,-1.49105,-1.62648,-1.61188,-1.42954,-1.11835,-0.664247,-0.164982,0.374601,0.84438,1.23785,1.49897,1.60214,1.58029,1.37847,1.08843,0.677123,0.214847,-0.247426,-0.713141,-1.06625,-1.34684,-1.32055,-1.16915,-0.940592,-0.649994,-0.357827,-0.0816046,0.153457,0.325837,0.438254,0.484967,0.475193,0.422221,0.335838,0.233447,0.127146,0.0272267,-0.0560317,-0.118841,-0.158514,-0.174827,-0.171405,-0.151667,-0.120505,-0.0835807,-0.0450986,-0.00925741,0.0206806,0.043213,0.0573327,0.0631001,0.0617293,0.054536,0.0432403,0.0298767,0.0160396,0.00312311,-0.00765087,-0.015681,-0.0207419,-0.022793,-0.0222119,-0.0196036,-0.015537,-0.0106697,-0.00568651,-0.00107124,0.00282651,0.00571461,0.00748783,0.00821874,0.00801704,0.0070445,0.00556057,0.00382416,0.00202744,0.000348577,-0.00104531,-0.00206716,-0.00270724,-0.00297282,-0.00288786,-0.00252712,-0.00199393,-0.00137129,-0.000721676,-0.000113417,0.000388014,0.000750347,0.000975078,0.00107115,0.00104454,0.000912525,0.00071179,0.000483805,0.000256722,4.49573e-05,-0.00013881,-0.000278253,-0.000360759,-0.000386518,-0.000368041,-0.000321175,-0.000257031,-0.000181125,-9.79559e-05,-1.50574e-05,5.7214e-05,0.000109362,0.000136592,0.000140222,0.000126299,0.000102755,7.6759e-05,5.32231e-05,3.45587e-05,2.12445e-05,1.26635e-05,7.83885e-06,5.91724e-06
-0.110068,-0.00529606,0.0971194,0.174703,0.252685,0.28666,0.307314,0.294753,0.252453,0.191211,0.102516,0.00853487,-0.0958609,-0.176669,-0.255825,-0.289666,-0.308638,-0.301045,-0.244748,-0.197265,-0.0901879,-0.00367142,0.0940342,0.184016,0.247033,0.296094,0.311682,0.299679,0.24197,0.192396,0.0872768,0.00428691,-0.0986575,-0.184742,-0.254942,-0.290186,-0.314589,-0.298039,-0.242286,-0.18473,-0.0917113,0.00338343,0.104997,0.177882,0.262825,0.29208,0.313666,0.288858,0.256635,0.167838,0.0953672,-0.166726,0.372108,0.849996,1.27746,1.54935,1.68754,1.64036,1.46204,1.10813,0.662081,0.141143,-0.372028,-0.877709,-1.2837,-1.55961,-1.67991,-1.64493,-1.45049,-1.0969,-0.647309,-0.120096,0.386118,0.890203,1.2875,1.57838,1.6808,1.63991,1.42729,1.09097,0.64308,0.10839,-0.413824,-0.91845,-1.29354,-1.56722,-1.67602,-1.63838,-1.43877,-1.08266,-0.626898,-0.0806844,0.441722,0.938899,1.31439,1.56076,1.66547,1.58713,1.39783,1.04967,0.629926,0.158361,-0.246168,-0.53496,-0.727272,-0.806472,-0.791052,-0.704452,-0.560177,-0.390585,-0.213173,-0.0466218,0.0919549,0.197384,0.26337,0.291004,0.285766,0.252729,0.201295,0.139787,0.0755092,0.0160604,-0.0340798,-0.0717631,-0.0951903,-0.105109,-0.102894,-0.0908516,-0.0722588,-0.0499751,-0.0268329,-0.00543764,0.0125824,0.0260763,0.0344436,0.0379231,0.0370633,0.0326711,0.0259119,0.017881,0.00953853,0.00181684,-0.00463327,-0.00946694,-0.0124754,-0.01368,-0.0133384,-0.011759,-0.00929631,-0.00638248,-0.00339597,-0.000614638,0.00171926,0.00343822,0.0045034,0.00494245,0.00480928,0.00421976,0.00333347,0.0022895,0.00120486,0.000199365,-0.000631267,-0.00124496,-0.00163101,-0.00178643,-0.0017306,-0.00151454,-0.00119636,-0.000820782,-0.000428221,-6.4117e-05,0.000234053,0.000451007,0.000587227,0.000644781,0.000626676,0.000545843,0.000425823,0.000290153,0.000153874,2.57344e-05,-8.51586e-05,-0.000168207,-0.000216526,-0.000231351,-0.000220515,-0.00019295,-0.000154615,-0.000108647,-5.80961e-05,-7.91887e-06,3.55378e-05,6.68092e-05,8.34495e-05,8.66876e-05,8.05092e-05,6.99511e-05,5.95009e-05,5.21048e-05
0.623283,0.628591,0.581028,0.473394,0.321012,0.135386,-0.0704268,-0.263673,-0.442529,-0.56168,-0.638959,-0.645027,-0.588156,-0.490349,-0.3149,-0.14078,0.0776784,0.271585,0.432288,0.57344,0.629045,0.652192,0.589414,0.477969,0.313083,0.13087,-0.081975,-0.273337,-0.44132,-0.577153,-0.628556,-0.651433,-0.586224,-0.47543,-0.305043,-0.128454,0.0931699,0.274915,0.450449,0.572307,0.640924,0.639887,0.590704,0.46727,0.302001,0.117428,-0.0906625,-0.290012,-0.452192,-0.570003,-0.647292,-1.6301,-1.61606,-1.44883,-1.13981,-0.703744,-0.212787,0.298745,0.789524,1.2015,1.48935,1.62768,1.62029,1.44085,1.1259,0.684285,0.206195,-0.319929,-0.800526,-1.22088,-1.48445,-1.63831,-1.60966,-1.44198,-1.10761,-0.674417,-0.181527,0.329849,0.811206,1.23094,1.50006,1.64371,1.59427,1.42857,1.10241,0.671307,0.168632,-0.364746,-0.831373,-1.23488,-1.4929,-1.63447,-1.60729,-1.42787,-1.10397,-0.648215,-0.147625,0.389468,0.85482,1.24131,1.49914,1.43198,1.25889,0.988016,0.685493,0.376916,0.0895163,-0.14559,-0.325043,-0.436593,-0.483789,-0.476071,-0.421198,-0.336162,-0.233649,-0.126616,-0.0277017,0.0562207,0.11897,0.158222,0.175072,0.171343,0.15155,0.120684,0.0834717,0.0450786,0.00936443,-0.0207787,-0.0431951,-0.057273,-0.0631745,-0.0617038,-0.0545007,-0.0432941,-0.0298558,-0.0160149,-0.00316168,0.00766336,0.0157021,0.0207151,0.0227963,0.0222312,0.0195874,0.0155323,0.0106858,0.00568063,0.00106168,-0.00281683,-0.0057117,-0.00749674,-0.00821757,-0.00801043,-0.00704726,-0.00556524,-0.00382119,-0.00202379,-0.000351326,0.00104187,0.00206974,0.00271097,0.00297028,0.00288357,0.00252965,0.00199893,0.00136893,0.000715847,0.000115203,-0.000381331,-0.000750932,-0.000982406,-0.00107255,-0.00103724,-0.000908455,-0.00071774,-0.000490639,-0.000254023,-3.66118e-05,0.000141034,0.000271445,0.000353869,0.000387908,0.000375713,0.000326558,0.000254983,0.000174113,9.21435e-05,1.46727e-05,-5.19539e-05,-0.000101056,-0.000128914,-0.000136722,-0.000129077,-0.000110767,-8.4832e-05,-5.30652e-05,-1.77273e-05,1.74045e-05,4.74976e-05,6.81491e-05,7.68432e-05
0.117522,0.0204194,-0.0917191,-0.174921,-0.262072,-0.301266,-0.320596,-0.313109,-0.258363,-0.206824,-0.10135,-0.0120524,0.0881227,0.184426,0.236428,0.302983,0.304343,0.300285,0.254215,0.17982,0.101573,0.00131839,-0.0929495,-0.18495,-0.246123,-0.302771,-0.300634,-0.303997,-0.249376,-0.179459,-0.0985786,0.00245465,0.0969297,0.184584,0.250423,0.302189,0.301026,0.30466,0.243989,0.181408,0.0897097,0.0040114,-0.111497,-0.17804,-0.25705,-0.296671,-0.314959,-0.284755,-0.25669,-0.173507,-0.0894972,0.165698,-0.374023,-0.850333,-1.27386,-1.55285,-1.6862,-1.64032,-1.46316,-1.10591,-0.663043,-0.142813,0.371649,0.884716,1.27506,1.56286,1.67728,1.65441,1.44094,1.09904,0.641179,0.137927,-0.396979,-0.896052,-1.28757,-1.56667,-1.6781,-1.65218,-1.43245,-1.08917,-0.619733,-0.121917,0.411969,0.901347,1.30421,1.58256,1.6747,1.63936,1.41779,1.08536,0.619748,0.0909479,-0.436983,-0.93131,-1.30394,-1.57734,-1.68224,-1.64172,-1.43463,-1.06881,-0.607684,-0.0766561,0.342283,0.653663,0.835496,0.895897,0.863749,0.751474,0.593463,0.410636,0.223706,0.0539524,-0.0893414,-0.195661,-0.262264,-0.291145,-0.285251,-0.252757,-0.201425,-0.139522,-0.0756957,-0.016024,0.034183,0.0716167,0.0952806,0.105119,0.102812,0.0909346,0.0722326,0.0499375,0.0268936,0.00540444,-0.0125971,-0.0260348,-0.0344725,-0.0379289,-0.0370344,-0.032693,-0.0259159,-0.0178596,-0.0095533,-0.00182226,0.00464964,0.00945885,0.012468,0.0136918,0.0133364,0.0117507,0.00930296,0.0063854,0.00338906,0.000615719,-0.00171425,-0.00344112,-0.00450634,-0.00493925,-0.00480773,-0.00422266,-0.00333439,-0.00228692,-0.00120408,-0.000201836,0.000630383,0.00124752,0.0016321,0.00178367,0.0017292,0.00151751,0.00119819,0.000817718,0.000425774,6.70336e-05,-0.000230815,-0.00045336,-0.000591317,-0.000643586,-0.000621976,-0.000545216,-0.000430369,-0.00029298,-0.000150755,-2.1038e-05,8.51669e-05,0.000163903,0.000213891,0.000234307,0.000227047,0.000198582,0.000157718,0.000111725,6.50778e-05,2.11232e-05,-1.64354e-05,-4.42635e-05,-6.11836e-05,-6.87125e-05,-6.9698e-05,-6.64421e-05,-5.99542e-05,-5.0632e-05
-0.627286,-0.637202,-0.574257,-0.483666,-0.308586,-0.135513,0.0747194,0.271321,0.42385,0.56479,0.614386,0.640643,0.581335,0.467489,0.319187,0.117351,-0.0698386,-0.27435,-0.440017,-0.569738,-0.634793,-0.649079,-0.587487,-0.480033,-0.319628,-0.117074,0.0680582,0.282784,0.438418,0.572681,0.636619,0.647128,0.583653,0.479907,0.306257,0.118815,-0.0791595,-0.286161,-0.44639,-0.571499,-0.639202,-0.64923,-0.576961,-0.476902,-0.300605,-0.115828,0.0944377,0.279536,0.462197,0.566914,0.645944,1.62792,1.6247,1.43946,1.14369,0.703572,0.216092,-0.307408,-0.780165,-1.20745,-1.48534,-1.63279,-1.61367,-1.44893,-1.11567,-0.694001,-0.201795,0.318872,0.806085,1.21129,1.48853,1.63989,1.6122,1.4389,1.09776,0.689477,0.179879,-0.33138,-0.825426,-1.21753,-1.49749,-1.63796,-1.61327,-1.43131,-1.08717,-0.671038,-0.162827,0.33559,0.834113,1.23428,1.50237,1.63599,1.58765,1.42464,1.08764,0.658341,0.148843,-0.37716,-0.83731,-1.23978,-1.4934,-1.46377,-1.28723,-1.01788,-0.696648,-0.355455,-0.0473676,0.209472,0.393561,0.500627,0.539388,0.517009,0.451097,0.35577,0.245274,0.134064,0.0313398,-0.054185,-0.11777,-0.157951,-0.174711,-0.171249,-0.151605,-0.120547,-0.0835336,-0.0450874,-0.00929727,0.0207116,0.0432201,0.0572982,0.0631269,0.0617358,0.0545045,0.0432644,0.0298835,0.0160105,0.00314349,-0.00764198,-0.0157077,-0.0207273,-0.0227805,-0.0222353,-0.0195968,-0.015521,-0.0106873,-0.00568875,-0.00105419,0.00281797,0.00570474,0.00750053,0.0082208,0.00800535,0.00704759,0.00556917,0.00381893,0.00202168,0.000354032,-0.00104121,-0.00207212,-0.00271085,-0.00296836,-0.00288399,-0.00253125,-0.00199847,-0.00136744,-0.000716285,-0.000116749,0.000381735,0.000752631,0.000982051,0.00107065,0.00103749,0.000910583,0.000717722,0.000488324,0.000253667,3.90831e-05,-0.000139952,-0.000273548,-0.000355252,-0.000385457,-0.000372036,-0.000325381,-0.000254915,-0.000170507,-8.36005e-05,-4.49549e-06,6.05962e-05,0.000108877,0.00013858,0.000148709,0.000140724,0.00011906,8.92442e-05,5.57179e-05,2.14856e-05,-1.07386e-05,-3.77621e-05,-5.64899e-05,-6.51377e-05
-0.111887,-0.012447,0.0806322,0.189466,0.243343,0.309133,0.319102,0.309309,0.273538,0.190368,0.117879,0.00700221,-0.0851066,-0.18241,-0.258957,-0.304212,-0.322541,-0.308494,-0.266013,-0.190574,-0.109894,0.00232072,0.0814841,0.185957,0.248837,0.292128,0.314889,0.290145,0.255994,0.180095,0.0961687,-0.00437545,-0.0890709,-0.19501,-0.243592,-0.300744,-0.309631,-0.295779,-0.246581,-0.184776,-0.0873181,0.000873516,0.10011,0.189171,0.251796,0.297099,0.313239,0.292181,0.245521,0.182549,0.0854991,-0.163403,0.368189,0.860086,1.2651,1.55719,1.68337,1.64676,1.45331,1.11363,0.660419,0.144099,-0.376332,-0.877566,-1.28044,-1.5607,-1.67724,-1.65682,-1.43682,-1.10097,-0.642313,-0.140384,0.407048,0.885407,1.29337,1.55823,1.69204,1.64546,1.42674,1.08836,0.628674,0.121528,-0.426523,-0.903209,-1.30669,-1.56683,-1.69823,-1.6454,-1.42553,-1.07391,-0.606233,-0.10997,0.438829,0.917813,1.32483,1.58396,1.67937,1.64121,1.41301,1.07828,0.597912,0.0878948,-0.335144,-0.645949,-0.826352,-0.902845,-0.876658,-0.772384,-0.611082,-0.41425,-0.212723,-0.025978,0.126943,0.236428,0.301361,0.323353,0.310348,0.27057,0.212979,0.147005,0.0799028,0.0183904,-0.0328213,-0.0710715,-0.094923,-0.104958,-0.102804,-0.0908535,-0.0722406,-0.0499523,-0.0268544,-0.005431,0.012598,0.0260559,0.0344491,0.037937,0.0370448,0.0326756,0.0259251,0.0178647,0.00954081,0.00183005,-0.00464664,-0.00946803,-0.0124623,-0.0136892,-0.0133434,-0.0117472,-0.0093,-0.00639059,-0.00338767,-0.000612427,0.00171085,0.00344063,0.00450943,0.00493782,0.00480599,0.00422472,0.00333481,0.00228507,0.00120448,0.000203188,-0.000631111,-0.00124844,-0.00163132,-0.001783,-0.00172995,-0.00151809,-0.00119746,-0.000817118,-0.000426505,-6.76632e-05,0.000231661,0.000454244,0.000590727,0.000643094,0.000623497,0.000547458,0.00043144,0.000294316,0.000154908,2.72663e-05,-7.95761e-05,-0.000159108,-0.000207696,-0.000226518,-0.000220491,-0.000195172,-0.000155812,-0.00010852,-6.01552e-05,-1.62861e-05,2.01144e-05,4.78699e-05,6.63656e-05,7.55712e-05,7.6711e-05,7.21178e-05,6.4207e-05,5.46935e-05
0.620995,0.633977,0.58728,0.469326,0.322203,0.122365,-0.069448,-0.265001,-0.432521,-0.555428,-0.628827,-0.632791,-0.581803,-0.468316,-0.314763,-0.115933,0.0739702,0.275797,0.432185,0.55827,0.632589,0.623852,0.587928,0.459385,0.313856,0.116275,-0.0829513,-0.277031,-0.443762,-0.574832,-0.635697,-0.644487,-0.594007,-0.465226,-0.31889,-0.113808,0.0809695,0.283409,0.444413,0.578967,0.63047,0.65373,0.579054,0.470917,0.304815,0.117117,-0.0993762,-0.276829,-0.458694,-0.574329,-0.640883,-1.62727,-1.62783,-1.43953,-1.13916,-0.708222,-0.215357,0.309237,0.779864,1.20574,1.48527,1.63662,1.60935,1.45008,1.1158,0.697632,0.193403,-0.309578,-0.813585,-1.20498,-1.49411,-1.63572,-1.61796,-1.42943,-1.10858,-0.68671,-0.180475,0.330197,0.82347,1.20334,1.50583,1.63163,1.60985,1.4158,1.09747,0.672856,0.165088,-0.347507,-0.833977,-1.21548,-1.50879,-1.63375,-1.61108,-1.40979,-1.07827,-0.657872,-0.150222,0.352021,0.85462,1.23821,1.50901,1.46094,1.27798,1.01634,0.690706,0.358237,0.0498444,-0.204609,-0.386302,-0.4985,-0.541652,-0.526629,-0.463845,-0.365297,-0.247953,-0.126179,-0.0145578,0.0767206,0.142536,0.1809,0.194165,0.186235,0.162157,0.127701,0.0879385,0.0476858,0.0108179,-0.0199652,-0.0428054,-0.0570843,-0.0630645,-0.0616725,-0.0544878,-0.0432725,-0.0298617,-0.0160178,-0.00314893,0.00765535,0.0156985,0.0207263,0.0227892,0.0222274,0.0195976,0.0155268,0.0106811,0.00568972,0.00105846,-0.00282258,-0.00570429,-0.00749707,-0.00822401,-0.00800568,-0.00704466,-0.00557107,-0.00382,-0.00201937,-0.000354671,0.0010397,0.00207355,0.00271128,0.00296696,0.00288433,0.00253224,0.00199779,0.00136689,0.000717027,0.00011702,-0.000382362,-0.000752655,-0.000981318,-0.00107035,-0.00103761,-0.000909919,-0.000716071,-0.000486692,-0.000252092,-3.63278e-05,0.000144041,0.000277519,0.000358528,0.000389058,0.000376117,0.000328414,0.00025631,0.000171863,8.62148e-05,7.5106e-06,-5.83233e-05,-0.000106639,-0.000135044,-0.000144264,-0.000137057,-0.000116704,-8.68787e-05,-5.20262e-05,-1.67699e-05,1.51853e-05,4.13073e-05,5.97094e-05,6.89866e-05
0.113089,0.0115034,-0.0839524,-0.178475,-0.25267,-0.304512,-0.323152,-0.307636,-0.270636,-0.195329,-0.115572,-0.00600983,0.0864526,0.180241,0.260154,0.297613,0.331463,0.298255,0.272909,0.194958,0.106416,0.01278,-0.0974949,-0.179176,-0.262798,-0.304637,-0.32423,-0.303832,-0.269796,-0.181505,-0.109362,0.000542876,0.0935489,0.180776,0.253781,0.293952,0.31033,0.2961,0.249102,0.176207,0.100331,-0.0130509,-0.0942582,-0.188235,-0.253825,-0.300986,-0.302058,-0.304579,-0.239591,-0.18068,-0.0885309,0.159859,-0.357437,-0.871047,-1.26069,-1.55597,-1.68312,-1.65334,-1.44301,-1.12172,-0.656189,-0.148282,0.383467,0.869497,1.28606,1.55627,1.68429,1.64631,1.44521,1.09661,0.641928,0.138219,-0.408174,-0.888985,-1.2958,-1.56267,-1.70113,-1.63904,-1.43981,-1.08255,-0.638922,-0.108843,0.424139,0.899218,1.30824,1.57131,1.70265,1.63185,1.42867,1.07503,0.620153,0.094112,-0.441614,-0.914312,-1.31581,-1.57681,-1.7037,-1.63485,-1.41516,-1.05851,-0.599405,-0.102273,0.33348,0.644494,0.836067,0.905932,0.874618,0.76997,0.60683,0.413718,0.212717,0.0277525,-0.123019,-0.233046,-0.299348,-0.325573,-0.316455,-0.278011,-0.218927,-0.148004,-0.0749921,-0.00820574,0.046554,0.0857342,0.108708,0.11658,0.111697,0.0972686,0.0765041,0.0526227,0.0284789,0.00632029,-0.0121092,-0.0257917,-0.0343395,-0.0378708,-0.0370143,-0.0326737,-0.025912,-0.0178634,-0.00954574,-0.00182298,0.00464441,0.00946491,0.0124675,0.0136867,0.0133415,0.011751,0.00929798,0.00638922,0.00339058,0.000611052,-0.00171212,-0.00343844,-0.00451012,-0.00493913,-0.00480444,-0.00422474,-0.00333609,-0.0022842,-0.00120395,-0.000204205,0.000631298,0.00124925,0.00163089,0.00178277,0.0017308,0.0015186,0.0011976,0.000818151,0.00042822,6.92082e-05,-0.000229935,-0.000451764,-0.00058803,-0.000640965,-0.000621764,-0.000545632,-0.000429821,-0.000293372,-0.000154093,-2.57204e-05,8.16058e-05,0.000160835,0.000209309,0.000228729,0.000223004,0.000197063,0.000157195,0.000110444,6.28955e-05,1.89772e-05,-1.80043e-05,-4.5774e-05,-6.36671e-05,-7.25641e-05,-7.40089e-05,-6.96649e-05,-6.14377e-05,-5.14009e-05
-0.626053,-0.633498,-0.58736,-0.464988,-0.32447,-0.123752,0.0692135,0.265095,0.436527,0.548773,0.636543,0.625833,0.586187,0.466406,0.310294,0.128259,-0.0880155,-0.262239,-0.442264,-0.555298,-0.630323,-0.633813,-0.578323,-0.464327,-0.307813,-0.111683,0.0842275,0.27271,0.447939,0.552544,0.635904,0.626088,0.580859,0.459959,0.304749,0.10968,-0.082979,-0.291557,-0.443732,-0.575387,-0.642882,-0.641311,-0.585869,-0.47228,-0.301419,-0.114553,0.0878277,0.291909,0.448856,0.575214,0.643831,1.62946,1.61669,1.45438,1.1296,0.709112,0.217452,-0.30587,-0.790795,-1.19351,-1.49186,-1.63611,-1.61008,-1.44611,-1.12221,-0.695623,-0.195223,0.308734,0.807892,1.20162,1.4956,1.62282,1.62091,1.42206,1.11112,0.681007,0.187241,-0.336471,-0.812296,-1.21145,-1.50217,-1.63264,-1.61023,-1.41145,-1.11024,-0.660043,-0.169719,0.351677,0.823523,1.22188,1.51505,1.62851,1.60611,1.40636,1.09562,0.651353,0.146263,-0.362941,-0.84282,-1.22619,-1.51944,-1.46527,-1.28516,-1.00561,-0.685285,-0.361273,-0.0544327,0.200396,0.389615,0.502034,0.543164,0.526054,0.461368,0.363948,0.247023,0.126252,0.0159784,-0.074614,-0.140114,-0.180006,-0.195735,-0.189964,-0.166824,-0.131045,-0.088394,-0.0446068,-0.004533,0.0281662,0.05161,0.0653274,0.069968,0.0670289,0.0583215,0.0458356,0.031502,0.0169886,0.00370266,-0.00734519,-0.0155476,-0.0206465,-0.0227477,-0.0222154,-0.0195872,-0.0155219,-0.0106835,-0.00568646,-0.00105786,0.00282,0.00570662,0.00749708,0.0082221,0.00800747,0.00704465,0.00556958,0.0038213,0.00201952,0.000353455,-0.00103883,-0.00207315,-0.00271222,-0.00296647,-0.00288361,-0.00253269,-0.00199741,-0.00136572,-0.000716578,-0.000116314,0.00038403,0.000754088,0.000982385,0.00107186,0.00103911,0.000910742,0.000716694,0.000487568,0.000252897,3.69483e-05,-0.000143147,-0.000276196,-0.000357211,-0.000387987,-0.000374975,-0.000327037,-0.000255057,-0.000170874,-8.50133e-05,-5.82605e-06,6.00213e-05,0.000107954,0.000136329,0.000145941,0.000138895,0.000118334,8.84779e-05,5.39372e-05,1.8844e-05,-1.33038e-05,-3.95272e-05,-5.76418e-05,-6.65921e-05
-0.116342,-0.016462,0.0938074,0.169256,0.262582,0.294184,0.32849,0.308997,0.264274,0.206467,0.101826,0.0188988,-0.0970605,-0.17571,-0.255551,-0.307116,-0.319997,-0.311422,-0.263432,-0.198559,-0.106227,-0.010067,0.0960724,0.17759,0.266939,0.296761,0.326434,0.307286,0.261791,0.198412,0.101057,0.00959946,-0.0979539,-0.186839,-0.261773,-0.302804,-0.331696,-0.295805,-0.269064,-0.183454,-0.10028,0.00104401,0.092594,0.192812,0.243858,0.303587,0.307321,0.29414,0.246186,0.182243,0.0816227,-0.155802,0.361696,0.860899,1.2683,1.5569,1.67561,1.65846,1.4454,1.11297,0.660126,0.150373,-0.394344,-0.865915,-1.29058,-1.56064,-1.69206,-1.6432,-1.45465,-1.09404,-0.648408,-0.127003,0.397875,0.897665,1.29422,1.56368,1.69841,1.64089,1.43828,1.08316,0.639686,0.104259,-0.415369,-0.908248,-1.29866,-1.5836,-1.69181,-1.6346,-1.43313,-1.07129,-0.623144,-0.0824498,0.424913,0.92034,1.31709,1.58391,1.69749,1.62311,1.42917,1.05894,0.604616,0.0862178,-0.330781,-0.637106,-0.833499,-0.908543,-0.88184,-0.76828,-0.602435,-0.411417,-0.214264,-0.0315609,0.122393,0.234538,0.301355,0.326432,0.315649,0.277004,0.217942,0.147474,0.0751359,0.00897934,-0.0450659,-0.0843371,-0.108269,-0.117609,-0.114107,-0.100038,-0.0784528,-0.0528086,-0.0265009,-0.00251943,0.0170534,0.0310709,0.0392442,0.0420096,0.0402152,0.0349682,0.0274685,0.0188493,0.0101383,0.00216877,-0.00445957,-0.00936742,-0.0124153,-0.0136652,-0.0133301,-0.0117443,-0.0092978,-0.00638767,-0.00338918,-0.000612451,0.00171282,0.00343918,0.00450897,0.00493968,0.00480512,0.00422399,0.0033366,0.00228508,0.00120376,0.000204874,-0.000630043,-0.00124884,-0.00163016,-0.00178147,-0.00173023,-0.00151826,-0.00119681,-0.000817683,-0.000428092,-6.86351e-05,0.000230715,0.000452291,0.000588675,0.000641891,0.000622542,0.000546199,0.000430523,0.000294225,0.000154863,2.64731e-05,-8.06473e-05,-0.000159777,-0.000208437,-0.000227971,-0.000222026,-0.000195856,-0.000156075,-0.00010948,-6.18201e-05,-1.77058e-05,1.92585e-05,4.69459e-05,6.49466e-05,7.40023e-05,7.54222e-05,7.09981e-05,6.28763e-05,5.30401e-05
0.628274,0.637452,0.578392,0.478706,0.309172,0.136593,-0.0771351,-0.263895,-0.431125,-0.558458,-0.623747,-0.639939,-0.576153,-0.469901,-0.310327,-0.125093,0.0812873,0.26737,0.441007,0.555935,0.630704,0.633208,0.574094,0.473416,0.295649,0.124254,-0.0908745,-0.272195,-0.443113,-0.561185,-0.630004,-0.631941,-0.580145,-0.455078,-0.302554,-0.110193,0.096779,0.274654,0.450217,0.562185,0.62876,0.631307,0.577757,0.450634,0.3066,0.0991387,-0.0910182,-0.291494,-0.452153,-0.582007,-0.633199,-1.64072,-1.61291,-1.45243,-1.13306,-0.713964,-0.20747,0.290938,0.794471,1.19127,1.48539,1.62747,1.61871,1.42896,1.12839,0.693545,0.19722,-0.31325,-0.797804,-1.20738,-1.49258,-1.62644,-1.61551,-1.42776,-1.1118,-0.674089,-0.195054,0.341969,0.80841,1.21682,1.49598,1.63774,1.60427,1.41885,1.10399,0.664187,0.167247,-0.352026,-0.81747,-1.23425,-1.50199,-1.63725,-1.59757,-1.41733,-1.09236,-0.641186,-0.157312,0.367884,0.831078,1.24622,1.51202,1.46057,1.28335,1.00975,0.691427,0.35517,0.051064,-0.199182,-0.385426,-0.500617,-0.546958,-0.52812,-0.460365,-0.36131,-0.246033,-0.127899,-0.0175647,0.0743114,0.14114,0.181124,0.195968,0.189619,0.166176,0.130487,0.0881028,0.0446448,0.0051045,-0.0272492,-0.0507781,-0.0650997,-0.0706991,-0.0685148,-0.0599897,-0.0469732,-0.0315342,-0.015757,-0.00138826,0.0103263,0.0186983,0.0235824,0.0252205,0.0241265,0.0209701,0.0164575,0.0112796,0.00605121,0.00126696,-0.00270531,-0.00564387,-0.00746681,-0.00820736,-0.00799914,-0.0070421,-0.0055682,-0.00381966,-0.00201965,-0.00035308,0.00103995,0.00207316,0.00271266,0.00296749,0.00288372,0.00253292,0.00199812,0.00136577,0.00071662,0.000116915,-0.00038373,-0.000753912,-0.000981742,-0.00107132,-0.00103887,-0.000910256,-0.000716123,-0.000487251,-0.000252494,-3.63006e-05,0.000143714,0.000276658,0.00035779,0.000388605,0.000375497,0.000327608,0.000255795,0.00017161,8.5611e-05,6.43784e-06,-5.92291e-05,-0.000107095,-0.00013558,-0.000145226,-0.000138039,-0.000117383,-8.75924e-05,-5.30835e-05,-1.78747e-05,1.43668e-05,4.05455e-05,5.86289e-05,6.76903e-05
0.112863,0.0160239,-0.0877643,-0.180059,-0.250931,-0.303173,-0.322655,-0.312213,-0.265067,-0.200879,-0.108765,-0.0142345,0.0937876,0.178447,0.255327,0.306392,0.31714,0.31697,0.258011,0.205442,0.0993253,0.0110956,-0.0905162,-0.187918,-0.252585,-0.309505,-0.31943,-0.310854,-0.261677,-0.196237,-0.10158,-0.0115966,0.105182,0.177389,0.26673,0.302805,0.321276,0.308049,0.263618,0.188075,0.108115,-0.00185507,-0.0980352,-0.187926,-0.266243,-0.305562,-0.323243,-0.307256,-0.256907,-0.185642,-0.100222,0.16221,-0.374543,-0.864323,-1.27172,-1.55882,-1.6901,-1.64909,-1.45839,-1.11335,-0.657307,-0.150041,0.387943,0.88001,1.28209,1.56145,1.69658,1.63932,1.45247,1.09723,0.649135,0.122342,-0.39325,-0.899197,-1.29163,-1.57204,-1.68549,-1.65309,-1.43165,-1.0856,-0.636747,-0.107006,0.414857,0.910681,1.29653,1.58619,1.68773,1.63995,1.42667,1.07939,0.613519,0.0906191,-0.427661,-0.922036,-1.31485,-1.58928,-1.68361,-1.6397,-1.42095,-1.06186,-0.598079,-0.0893463,0.323458,0.64387,0.835255,0.907678,0.877472,0.768521,0.606929,0.411434,0.211746,0.0296323,-0.120741,-0.232105,-0.301802,-0.328281,-0.316657,-0.275982,-0.216487,-0.147374,-0.0760444,-0.00985851,0.0450809,0.0849794,0.108793,0.117746,0.113867,0.099676,0.0781352,0.0526022,0.0265609,0.0028877,-0.0164794,-0.0305656,-0.0391601,-0.0424911,-0.0411378,-0.0359754,-0.0281168,-0.0188353,-0.00936782,-0.00075785,0.00624831,0.0112553,0.0141705,0.0151401,0.0144765,0.0125742,0.0098604,0.00675075,0.0036105,0.000740402,-0.00164039,-0.0034009,-0.00448968,-0.00492918,-0.00480044,-0.00422202,-0.00333503,-0.00228468,-0.00120371,-0.000204273,0.00063018,0.00124887,0.00163071,0.00178172,0.00173029,0.00151871,0.0011971,0.000817757,0.000428476,6.90366e-05,-0.000230523,-0.00045193,-0.000588225,-0.000641644,-0.000622258,-0.000545729,-0.00043011,-0.000293886,-0.000154433,-2.60224e-05,8.10385e-05,0.000160229,0.000208977,0.000228462,0.000222457,0.000196369,0.000156689,0.000110057,6.23294e-05,1.82789e-05,-1.85754e-05,-4.62764e-05,-6.4346e-05,-7.33504e-05,-7.46544e-05,-7.02302e-05,-6.21784e-05,-5.22966e-05
-0.62508,-0.637773,-0.579323,-0.478414,-0.309779,-0.134614,0.0753614,0.264143,0.43057,0.561164,0.620077,0.643663,0.5709,0.47581,0.308224,0.121915,-0.0752358,-0.276443,-0.4278,-0.569346,-0.621637,-0.637358,-0.576113,-0.465048,-0.304327,-0.119177,0.0870525,0.274099,0.44431,0.561126,0.626784,0.639199,0.566866,0.469409,0.29344,0.11231,-0.0917842,-0.279508,-0.45035,-0.557262,-0.639914,-0.62537,-0.578441,-0.453488,-0.29583,-0.101099,0.0907901,0.29205,0.439338,0.568912,0.623275,1.61636,1.60195,1.44002,1.11792,0.710263,0.206399,-0.300166,-0.788666,-1.19086,-1.49359,-1.61995,-1.62157,-1.43456,-1.12284,-0.692096,-0.206973,0.325823,0.790098,1.20977,1.49047,1.63256,1.60612,1.43451,1.10957,0.677098,0.187547,-0.332252,-0.814815,-1.21795,-1.48943,-1.64386,-1.59914,-1.42679,-1.09377,-0.67222,-0.162707,0.34894,0.819833,1.23349,1.50132,1.63844,1.59503,1.42303,1.08455,0.64743,0.152883,-0.361611,-0.837839,-1.24656,-1.50399,-1.46557,-1.28319,-1.01265,-0.686427,-0.354725,-0.0551485,0.199263,0.387429,0.502425,0.544705,0.526303,0.461851,0.36301,0.245804,0.126048,0.0171184,-0.0729836,-0.140196,-0.181583,-0.197113,-0.189875,-0.165433,-0.129816,-0.0881523,-0.0452372,-0.00551236,0.0273413,0.0511291,0.0653901,0.0707421,0.0683766,0.0597867,0.0467682,0.0314181,0.0158021,0.00162895,-0.00996122,-0.0184072,-0.0235549,-0.0255374,-0.0247007,-0.0215696,-0.0168312,-0.0112501,-0.00556811,-0.000411768,0.00378152,0.00677518,0.00851438,0.00909001,0.00868591,0.00753947,0.00590823,0.00403938,0.00215384,0.000432159,-0.000995605,-0.0020497,-0.00270006,-0.00296118,-0.00288092,-0.00253123,-0.0019973,-0.00136557,-0.000716206,-0.000116619,0.000383778,0.000754212,0.000982028,0.00107139,0.00103911,0.000910569,0.000716278,0.000487491,0.000252826,3.6496e-05,-0.000143505,-0.000276305,-0.000357484,-0.000388371,-0.000375186,-0.000327262,-0.000255489,-0.000171278,-8.52362e-05,-6.09046e-06,5.95745e-05,0.000107502,0.000136006,0.000145613,0.000138439,0.000117851,8.80774e-05,5.35301e-05,1.83334e-05,-1.38364e-05,-3.99916e-05,-5.81134e-05,-6.71645e-05
-0.112183,-0.0129203,0.0816528,0.187764,0.242327,0.311542,0.316823,0.314094,0.266702,0.195736,0.11841,0.00124099,-0.0813674,-0.187509,-0.250056,-0.306839,-0.322722,-0.307072,-0.269474,-0.19357,-0.108839,-0.00812575,0.0925733,0.186688,0.251841,0.310767,0.31562,0.317213,0.256671,0.199021,0.102206,0.00316215,-0.0913249,-0.189369,-0.259366,-0.304152,-0.324961,-0.30739,-0.258879,-0.199276,-0.0953614,-0.00979437,0.101384,0.184662,0.259884,0.298998,0.32365,0.294591,0.266147,0.181749,0.10439,-0.158421,0.374147,0.854397,1.27297,1.53785,1.68212,1.63739,1.4461,1.1015,0.661901,0.131923,-0.38109,-0.883562,-1.28603,-1.56268,-1.68846,-1.6541,-1.44039,-1.10194,-0.649124,-0.123015,0.397252,0.894196,1.2918,1.57719,1.68163,1.65193,1.43386,1.08816,0.627558,0.119439,-0.425087,-0.903973,-1.30322,-1.57852,-1.69167,-1.64306,-1.41941,-1.08677,-0.605994,-0.0993953,0.435902,0.916573,1.31809,1.58749,1.68197,1.64576,1.41405,1.06672,0.592199,0.0972235,-0.328101,-0.645164,-0.833137,-0.906803,-0.8777,-0.771385,-0.605248,-0.409669,-0.212734,-0.0311583,0.120898,0.233933,0.301774,0.326848,0.31624,0.276978,0.217343,0.146752,0.0751205,0.00993973,-0.0442962,-0.0845856,-0.109261,-0.118319,-0.113857,-0.0992248,-0.0778067,-0.0527263,-0.0268968,-0.00306985,0.0165568,0.0307744,0.0393043,0.042507,0.0410608,0.0358497,0.0279949,0.0187651,0.00940268,0.000919111,-0.00602409,-0.0110854,-0.0141688,-0.015349,-0.0148289,-0.0129322,-0.0100752,-0.00671893,-0.00331069,-0.00022154,0.00228813,0.00407742,0.00511601,0.00545721,0.00521115,0.00452099,0.00354011,0.00241735,0.00128574,0.00025276,-0.000603074,-0.00123402,-0.00162282,-0.00177792,-0.00172829,-0.00151762,-0.00119667,-0.000817422,-0.000428167,-6.89409e-05,0.000230678,0.000452182,0.000588361,0.000641794,0.000622495,0.000545894,0.00043027,0.000294141,0.000154651,2.61867e-05,-8.08009e-05,-0.000159958,-0.000208758,-0.000228233,-0.000222179,-0.000196098,-0.000156429,-0.000109769,-6.2026e-05,-1.7982e-05,1.88858e-05,4.66114e-05,6.46849e-05,7.36889e-05,7.5014e-05,7.06136e-05,6.25647e-05,5.26842e-05
0.622503,0.634532,0.587601,0.466565,0.32315,0.122007,-0.0655984,-0.269385,-0.43079,-0.555627,-0.62996,-0.631059,-0.583456,-0.466494,-0.313214,-0.119936,0.075902,0.2719,0.434669,0.565107,0.621208,0.639381,0.575137,0.464452,0.308365,0.11064,-0.0769397,-0.284076,-0.433511,-0.569488,-0.626325,-0.63384,-0.573857,-0.464014,-0.294744,-0.119557,0.0968092,0.276013,0.443777,0.563751,0.623806,0.629503,0.570514,0.450341,0.294949,0.102934,-0.0963965,-0.280017,-0.449222,-0.561696,-0.627829,-1.61747,-1.60321,-1.43153,-1.12433,-0.695278,-0.211791,0.299466,0.784018,1.18313,1.47362,1.62026,1.59906,1.42722,1.1193,0.681033,0.201601,-0.321086,-0.801692,-1.20762,-1.48621,-1.64032,-1.6018,-1.43668,-1.10634,-0.685206,-0.176095,0.324127,0.815925,1.21882,1.4935,1.63485,1.60741,1.42341,1.09318,0.673423,0.161652,-0.344674,-0.830102,-1.21981,-1.51296,-1.63085,-1.60037,-1.41968,-1.08337,-0.654113,-0.142995,0.35052,0.849691,1.23603,1.50969,1.46381,1.28424,1.0125,0.683947,0.357875,0.0546422,-0.20035,-0.387889,-0.501236,-0.543907,-0.527909,-0.462178,-0.361945,-0.245223,-0.126888,-0.0179041,0.073697,0.14094,0.181234,0.196347,0.189894,0.166142,0.130038,0.087672,0.044821,0.00570296,-0.0268774,-0.051046,-0.0657106,-0.0710119,-0.0683009,-0.0595119,-0.046635,-0.0315235,-0.0159868,-0.00171119,0.0100247,0.0185219,0.0236295,0.0255448,0.0246529,0.0214952,0.0167557,0.0112081,0.00559713,0.000515862,-0.00364329,-0.00667675,-0.00852407,-0.00922466,-0.00890219,-0.00775338,-0.00603037,-0.00401286,-0.00196802,-0.00011704,0.00138472,0.00245472,0.00307478,0.00327667,0.00312696,0.00271095,0.00212072,0.00144599,0.000766237,0.000146145,-0.000366995,-0.000744917,-0.000977197,-0.0010689,-0.00103776,-0.000909941,-0.000715938,-0.000487196,-0.000252667,-3.6386e-05,0.000143685,0.000276453,0.0003576,0.000388543,0.00037535,0.000327394,0.000255667,0.000171471,8.53903e-05,6.26461e-06,-5.93597e-05,-0.000107307,-0.000135824,-0.000145396,-0.000138206,-0.000117636,-8.7855e-05,-5.32798e-05,-1.80781e-05,1.40842e-05,4.02529e-05,5.83974e-05,6.74529e-05
0.11538,0.0142148,-0.0874002,-0.178765,-0.252362,-0.302319,-0.324484,-0.308713,-0.268311,-0.19865,-0.112786,-0.00650208,0.08506,0.184471,0.25272,0.305627,0.322526,0.306622,0.272383,0.187749,0.117349,-0.00112941,-0.08692,-0.186204,-0.256458,-0.30435,-0.325319,-0.305308,-0.267294,-0.193914,-0.105182,-0.0064381,0.0925546,0.188673,0.246504,0.312059,0.310375,0.310267,0.2564,0.190898,0.099541,0.00835183,-0.101613,-0.17718,-0.264298,-0.29741,-0.321534,-0.30168,-0.260044,-0.18497,-0.104783,0.163028,-0.376389,-0.856506,-1.26854,-1.5467,-1.6798,-1.63403,-1.44931,-1.09235,-0.656607,-0.137072,0.384875,0.877134,1.26783,1.56374,1.668,1.64325,1.43353,1.09269,0.637039,0.130442,-0.411163,-0.890714,-1.29624,-1.57164,-1.69183,-1.64343,-1.43634,-1.09323,-0.620545,-0.122042,0.4233,0.903813,1.30917,1.57019,1.69715,1.64028,1.42408,1.07813,0.614952,0.0951441,-0.437126,-0.912761,-1.32305,-1.57976,-1.69328,-1.6336,-1.42363,-1.06071,-0.594486,-0.098304,0.331177,0.642607,0.83429,0.905737,0.878988,0.771393,0.603851,0.410388,0.213328,0.0310395,-0.121826,-0.233696,-0.300857,-0.32716,-0.31694,-0.276894,-0.216638,-0.146723,-0.0757693,-0.0100611,0.0447937,0.0848564,0.108901,0.117958,0.114051,0.099595,0.07781,0.0524093,0.0267371,0.00325943,-0.0163264,-0.030792,-0.0395049,-0.0426248,-0.0409768,-0.0356996,-0.0279455,-0.0188405,-0.00950407,-0.000950598,0.00606601,0.0111488,0.014209,0.0153507,0.0148008,0.0128866,0.0100281,0.00669577,0.00333227,0.000288802,-0.00220307,-0.00402179,-0.00512768,-0.0055435,-0.00534385,-0.00464796,-0.00360962,-0.00239716,-0.00117047,-6.18401e-05,0.000836864,0.00147669,0.0018468,0.0019666,0.00187581,0.00162548,0.00127105,0.000866197,0.000458546,8.70153e-05,-0.000220264,-0.000446456,-0.000585329,-0.000640158,-0.000621657,-0.000545476,-0.000429983,-0.000293953,-0.000154542,-2.60543e-05,8.09385e-05,0.000160061,0.000208879,0.000228375,0.000222301,0.000196227,0.000156581,0.000109911,6.21661e-05,1.81449e-05,-1.87202e-05,-4.64556e-05,-6.45143e-05,-7.35018e-05,-7.48328e-05,-7.04322e-05,-6.23638e-05,-5.24743e-05
