f,s11
1000000000.0,(-0.8673883486703765-0.18053586055388116j)
1015000000.0,(-0.8725088152994362-0.17406612469536623j)
1030000000.0,(-0.8773655793231283-0.16746936868198956j)
1045000000.0,(-0.8819561245700249-0.16075698047343195j)
1060000000.0,(-0.8862784339533217-0.15394035616474153j)
1075000000.0,(-0.8903309861270874-0.14703087830795838j)
1090000000.0,(-0.8941127512430255-0.1400398945130019j)
1105000000.0,(-0.8976231858234073-0.13297869636069934j)
1120000000.0,(-0.900862226766615-0.12585849866023135j)
1135000000.0,(-0.9038302845024669-0.1186904190827121j)
1150000000.0,(-0.9065282353152833-0.11148545820208897j)
1165000000.0,(-0.9089574128534335-0.10425447997403915j)
1180000000.0,(-0.911119598844915-0.09700819268305419j)
1195000000.0,(-0.9130170130393721-0.08975713038742619j)
1210000000.0,(-0.9146523023978271-0.08251163489137663j)
1225000000.0,(-0.9160285295523334-0.07528183827309444j)
1240000000.0,(-0.9171491605587037-0.06807764599695701j)
1255000000.0,(-0.9180180519664826-0.06090872063770141j)
1270000000.0,(-0.9186394372313736-0.05378446624377219j)
1285000000.0,(-0.9190179124964175-0.0467140133664916j)
1300000000.0,(-0.919158421769351-0.039706204781073715j)
1315000000.0,(-0.9190662415247507-0.032769581924819845j)
1330000000.0,(-0.9187469647607396-0.025912372077086087j)
1345000000.0,(-0.918206484541304-0.019142476304791906j)
1360000000.0,(-0.9174509770564891-0.012467458196338294j)
1375000000.0,(-0.9164868842340214-0.005894533405816222j)
1390000000.0,(-0.9153208959371967+0.0005694399716988549j)
1405000000.0,(-0.9139599317851298+0.00691797017415104j)
1420000000.0,(-0.9124111226327456+0.013144939677481184j)
1435000000.0,(-0.9106817917491395+0.01924461221464376j)
1450000000.0,(-0.9087794357341534+0.025211638893243127j)
1465000000.0,(-0.9067117052141892+0.031041063397982984j)
1480000000.0,(-0.9044863853594219+0.03672832626586615j)
1495000000.0,(-0.9021113762656252+0.04226926822392267j)
1510000000.0,(-0.8995946732448145+0.047660132581213266j)
1525000000.0,(-0.8969443470698171+0.05289756666892215j)
1540000000.0,(-0.8941685242186733+0.05797862232453055j)
1555000000.0,(-0.8912753671654609+0.0629007554183419j)
1570000000.0,(-0.8882730547647076+0.06766182442299679j)
1585000000.0,(-0.8851697627769834+0.07226008802907681j)
1600000000.0,(-0.8819736445835515+0.07669420181242652j)
1615000000.0,(-0.8786928121380929+0.08096321396142823j)
1630000000.0,(-0.875335317203499+0.08506656007511738j)
1645000000.0,(-0.8719091329215136+0.08900405704573124j)
1660000000.0,(-0.8684221357626396+0.09277589604201353j)
1675000000.0,(-0.8648820879031723+0.09638263461234714j)
1690000000.0,(-0.8612966200754579+0.09982518792954091j)
1705000000.0,(-0.8576732149365627+0.10310481920183351j)
1720000000.0,(-0.8540191909993885+0.10622312927739216j)
1735000000.0,(-0.8503416871689687+0.1091820454722483j)
1750000000.0,(-0.8466476479251472+0.11198380965422547j)
1765000000.0,(-0.8429438091911605+0.1146309656179428j)
1780000000.0,(-0.8392366849257477+0.11712634578842206j)
1795000000.0,(-0.8355325544743438+0.1194730572931578j)
1810000000.0,(-0.831837450712691+0.12167446744472428j)
1825000000.0,(-0.8281571490137822+0.12373418867806514j)
1840000000.0,(-0.8244971570665164+0.1256560629885375j)
1855000000.0,(-0.8208627055717326+0.12744414591854178j)
1870000000.0,(-0.8172587398384734+0.129102690142152j)
1885000000.0,(-0.8136899123003793+0.13063612869855926j)
1900000000.0,(-0.8101605759690708+0.1320490579263425j)
1915000000.0,(-0.8066747788382418+0.13334622015157335j)
1930000000.0,(-0.8032362592489808+0.1345324861835494j)
1945000000.0,(-0.7998484422235871+0.13561283767251125j)
1960000000.0,(-0.7965144367718344+0.13659234938404585j)
1975000000.0,(-0.7932370341703412+0.1374761714449956j)
1990000000.0,(-0.7900187072123691+0.13826951161558731j)
2005000000.0,(-0.7868616104220812+0.1389776176421627j)
2020000000.0,(-0.7837675812240147+0.13960575974433845j)
2035000000.0,(-0.7807381420553025+0.14015921328964992j)
2050000000.0,(-0.7777745034050306+0.14064324170774467j)
2065000000.0,(-0.7748775677620372+0.14106307969499665j)
2080000000.0,(-0.7720479344494947+0.14142391675901533j)
2095000000.0,(-0.7692859053217492+0.1417308811509398j)
2110000000.0,(-0.7665914912961627+0.14198902423164j)
2125000000.0,(-0.7639644196901008+0.14220330531601147j)
2140000000.0,(-0.7614041423307671+0.1423785770374587j)
2155000000.0,(-0.7589098444032986+0.1425195712724238j)
2170000000.0,(-0.7564804540004159+0.1426308856624534j)
2185000000.0,(-0.7541146523349863+0.14271697076881337j)
2200000000.0,(-0.7518108845750966+0.142782117892077j)
2215000000.0,(-0.7495673712596598+0.142830447586447j)
2230000000.0,(-0.74738212025121+0.14286589889582701j)
2245000000.0,(-0.7452529391813391+0.14289221933586807j)
2260000000.0,(-0.7431774483432549+0.14291295564337564j)
2275000000.0,(-0.7411530939851215+0.1429314453116038j)
2290000000.0,(-0.7391771619572576+0.142950808927088j)
2305000000.0,(-0.7372467916658337+0.14297394332079946j)
2320000000.0,(-0.7353589902854897+0.14300351554354745j)
2335000000.0,(-0.7335106471832338+0.14304195767273267j)
2350000000.0,(-0.7316985485061138+0.14309146245476673j)
2365000000.0,(-0.7299193918854361+0.14315397978474392j)
2380000000.0,(-0.7281698012107618+0.14323121402227743j)
2395000000.0,(-0.726446341427516+0.14332462213981542j)
2410000000.0,(-0.7247455333127796+0.14343541269723362j)
2425000000.0,(-0.7230638681847331+0.1435645456340724j)
2440000000.0,(-0.7213978225022117+0.14371273286844888j)
2455000000.0,(-0.7197438723119615+0.14388043968943967j)
2470000000.0,(-0.7180985075024127+0.14406788692760303j)
2485000000.0,(-0.7164582458241096+0.1442750538862831j)
2500000000.0,(-0.714819646638347+0.14450168201443295j)
2515000000.0,(-0.713179324357053+0.1447472792998964j)
2530000000.0,(-0.7115339615385075+0.14501112536040697j)
2545000000.0,(-0.7098803216051072+0.14529227720799634j)
2560000000.0,(-0.7082152611510469+0.14558957566105646j)
2575000000.0,(-0.7065357418094905+0.1459016523769599j)
2590000000.0,(-0.7048388416505486+0.14622693747691867j)
2605000000.0,(-0.7031217660831427+0.1465636677336513j)
2620000000.0,(-0.7013818582356203+0.1469098952914173j)
2635000000.0,(-0.699616608791784+0.14726349688708026j)
2650000000.0,(-0.6978236652608033+0.1476221835400584j)
2665000000.0,(-0.6960008406612863+0.1479835106783234j)
2680000000.0,(-0.6941461216015911+0.14834488866699655j)
2695000000.0,(-0.6922576757402632+0.14870359370557976j)
2710000000.0,(-0.6903338586122625+0.1490567790594252j)
2725000000.0,(-0.6883732198084329+0.14940148659070387j)
2740000000.0,(-0.6863745084974225+0.14973465855386323j)
2755000000.0,(-0.6843366782810012+0.1500531496203749j)
2770000000.0,(-0.6822588913754568+0.15035373909745062j)
2785000000.0,(-0.6801405221134524+0.15063314330535713j)
2800000000.0,(-0.6779811597624039+0.15088802807797094j)
2815000000.0,(-0.6757806106571074+0.1511150213512965j)
2830000000.0,(-0.6735388996459822+0.1513107258048046j)
2845000000.0,(-0.671256270851914+0.1514717315206465j)
2860000000.0,(-0.6689331877502758+0.15159462862605202j)
2875000000.0,(-0.6665703325682801+0.15167601988452656j)
2890000000.0,(-0.6641686050113721+0.15171253320182068j)
2905000000.0,(-0.6617291203238956+0.15170083401306525j)
2920000000.0,(-0.6592532066927835+0.15163763751792478j)
2935000000.0,(-0.6567424020045046+0.15151972073114373j)
2950000000.0,(-0.6541984499669744+0.1513439343164271j)
2965000000.0,(-0.6516232956095764+0.1511072141722226j)
2980000000.0,(-0.6490190801758736+0.15080659273864017j)
2995000000.0,(-0.646388135424985+0.1504392099954809j)
3010000000.0,(-0.643732977358986+0.15000232412212083j)
3025000000.0,(-0.6410562993950473+0.14949332179083913j)
3040000000.0,(-0.6383609650023538+0.14890972806607314j)
3055000000.0,(-0.6356499998251501+0.14824921588303058j)
3070000000.0,(-0.6329265833145254+0.14750961508010174j)
3085000000.0,(-0.6301940398928024+0.1466889209605854j)
3100000000.0,(-0.6274558296755834+0.14578530236036782j)
3115000000.0,(-0.6247155387776882+0.14479710919938696j)
3130000000.0,(-0.6219768692303348+0.14372287949596732j)
3145000000.0,(-0.6192436285379918+0.14256134582442462j)
3160000000.0,(-0.6165197189043733+0.14131144119771444j)
3175000000.0,(-0.6138091261580004+0.13997230435833796j)
3190000000.0,(-0.6111159084086941+0.13854328446221947j)
3205000000.0,(-0.6084441844672036+0.13702394514182256j)
3220000000.0,(-0.6057981220609613+0.13541406793639457j)
3235000000.0,(-0.603181925879673+0.13371365507889957j)
3250000000.0,(-0.600599825485079+0.13192293163092583j)
3265000000.0,(-0.5980560631197824+0.13004234695863176j)
3280000000.0,(-0.59555488145049+0.12807257554461707j)
3295000000.0,(-0.5931005112813938+0.12601451713247447j)
3310000000.0,(-0.5906971592736875+0.12386929620268072j)
3325000000.0,(-0.5883489957073781+0.12163826078042198j)
3340000000.0,(-0.5860601423216258+0.11932298057791813j)
3355000000.0,(-0.5838346602697896+0.11692524447579156j)
3370000000.0,(-0.5816765382252007+0.11444705735003124j)
3385000000.0,(-0.5795896806734098+0.1118906362531059j)
3400000000.0,(-0.5775778964262565+0.10925840595979269j)
3415000000.0,(-0.575644887392591+0.10655299389028582j)
3430000000.0,(-0.5737942376398514+0.10377722442512884j)
3445000000.0,(-0.5720294027799201+0.10093411262848163j)
3460000000.0,(-0.5703536997118217+0.0980268573981508j)
3475000000.0,(-0.5687702967528018+0.09505883406269948j)
3490000000.0,(-0.5672822041882118+0.09203358644778584j)
3505000000.0,(-0.5658922652693775+0.08895481843564947j)
3520000000.0,(-0.5646031476872726+0.08582638504337492j)
3535000000.0,(-0.5634173355483515+0.08265228304718025j)
3550000000.0,(-0.5623371218773118+0.07943664118153246j)
3565000000.0,(-0.5613646016698923+0.07618370994332885j)
3580000000.0,(-0.5605016655170267+0.07289785103273896j)
3595000000.0,(-0.5597499938198206+0.0695835264635342j)
3610000000.0,(-0.5591110516128727+0.06624528737686165j)
3625000000.0,(-0.5585860840114422+0.06288776259341329j)
3640000000.0,(-0.5581761122958852+0.05951564693982256j)
3655000000.0,(-0.5578819306446422+0.05613368938585542j)
3670000000.0,(-0.557704103524871+0.052746681029574104j)
3685000000.0,(-0.5576429637476036+0.049359442968112274j)
3700000000.0,(-0.5576986111920403+0.04597681409202322j)
3715000000.0,(-0.5578709122013441+0.042603638841341905j)
3730000000.0,(-0.5581594996500057+0.03924475496153009j)
3745000000.0,(-0.5585637736805968+0.03590498129736024j)
3760000000.0,(-0.5590829031054568+0.03258910566253205j)
3775000000.0,(-0.5597158274666306+0.029301872822414414j)
3790000000.0,(-0.5604612597451883+0.026047972626754703j)
3805000000.0,(-0.5613176897088837+0.0228320283285147j)
3820000000.0,(-0.5622833878850325+0.019658585124174396j)
3835000000.0,(-0.563356410143437+0.016532098949892087j)
3850000000.0,(-0.5645346028722392+0.013456925566837277j)
3865000000.0,(-0.565815608727685+0.010437309967818467j)
3880000000.0,(-0.5671968729370069+0.007477376136024668j)
3895000000.0,(-0.5686756501319197+0.0045811171852893455j)
3910000000.0,(-0.5702490116886438+0.0017523859097764941j)
3925000000.0,(-0.5719138535488674-0.0010051142306014597j)
3940000000.0,(-0.573666904494701-0.0036878376644059j)
3955000000.0,(-0.5755047348494123-0.006292404779649514j)
3970000000.0,(-0.5774237655745939-0.008815609490456877j)
3985000000.0,(-0.5794202777334122-0.011254426280196976j)
4000000000.0,(-0.5814904222886927-0.01360601670378485j)
